"_id","activity","bpu","experimentId","population","response","username"
"ObjectId(""5a36247690789136ad0750e6"")","-1","eug6","ObjectId(""5a36247690789136ad0750e6"")","178","-1","scripterPopulation"
"ObjectId(""5a3626f190789136ad0750e9"")","166.365131579","eug16","ObjectId(""5a3626f190789136ad0750e9"")","-1","-1","scripterActivity"
"ObjectId(""5a3627d890789136ad0750ea"")","192.764945652","eug10","ObjectId(""5a3627d890789136ad0750ea"")","-1","-1","scripterActivity"
"ObjectId(""5a36298a90789136ad0750ed"")","-1","eug8","ObjectId(""5a36298a90789136ad0750ed"")","75","-1","scripterPopulation"
"ObjectId(""5a362b7e90789136ad0750f0"")","-1","eug6","ObjectId(""5a362b7e90789136ad0750f0"")","-1","0","scripterResponse"
"ObjectId(""5a362dfa90789136ad0750f3"")","-1","eug16","ObjectId(""5a362dfa90789136ad0750f3"")","24","-1","scripterPopulation"
"ObjectId(""5a362ee090789136ad0750f4"")","-1","eug10","ObjectId(""5a362ee090789136ad0750f4"")","45","-1","scripterPopulation"
"ObjectId(""5a36309390789136ad0750f7"")","-1","eug8","ObjectId(""5a36309390789136ad0750f7"")","-1","0","scripterResponse"
"ObjectId(""5a36328790789136ad0750fa"")","200.508598993","eug6","ObjectId(""5a36328790789136ad0750fa"")","-1","-1","scripterActivity"
"ObjectId(""5a36350290789136ad0750fd"")","-1","eug16","ObjectId(""5a36350290789136ad0750fd"")","-1","1.07797569354","scripterResponse"
"ObjectId(""5a3635e990789136ad0750fe"")","-1","eug10","ObjectId(""5a3635e990789136ad0750fe"")","-1","0.0546953553073","scripterResponse"
"ObjectId(""5a36379b90789136ad075101"")","195.147447183","eug8","ObjectId(""5a36379b90789136ad075101"")","-1","-1","scripterActivity"
"ObjectId(""5a36399090789136ad075104"")","-1","eug6","ObjectId(""5a36399090789136ad075104"")","131","-1","scripterPopulation"
"ObjectId(""5a363c0b90789136ad075107"")","239.346590909","eug16","ObjectId(""5a363c0b90789136ad075107"")","-1","-1","scripterActivity"
"ObjectId(""5a363cf290789136ad075108"")","190.304815574","eug10","ObjectId(""5a363cf290789136ad075108"")","-1","-1","scripterActivity"
"ObjectId(""5a363ea490789136ad07510b"")","-1","eug8","ObjectId(""5a363ea490789136ad07510b"")","75","-1","scripterPopulation"
"ObjectId(""5a36409890789136ad07510e"")","-1","eug6","ObjectId(""5a36409890789136ad07510e"")","-1","0","scripterResponse"
"ObjectId(""5a36431490789136ad075111"")","-1","eug16","ObjectId(""5a36431490789136ad075111"")","15","-1","scripterPopulation"
"ObjectId(""5a3643fa90789136ad075112"")","-1","eug10","ObjectId(""5a3643fa90789136ad075112"")","61","-1","scripterPopulation"
"ObjectId(""5a3645ac90789136ad075115"")","-1","eug8","ObjectId(""5a3645ac90789136ad075115"")","-1","0","scripterResponse"
"ObjectId(""5a3647a190789136ad075118"")","218.990796233","eug6","ObjectId(""5a3647a190789136ad075118"")","-1","-1","scripterActivity"
"ObjectId(""5a364a1c90789136ad07511b"")","-1","eug16","ObjectId(""5a364a1c90789136ad07511b"")","-1","0.987260476502","scripterResponse"
"ObjectId(""5a364b0390789136ad07511c"")","-1","eug10","ObjectId(""5a364b0390789136ad07511c"")","-1","0","scripterResponse"
"ObjectId(""5a364cb590789136ad07511f"")","183.390410959","eug8","ObjectId(""5a364cb590789136ad07511f"")","-1","-1","scripterActivity"
"ObjectId(""5a364eaa90789136ad075122"")","-1","eug6","ObjectId(""5a364eaa90789136ad075122"")","212","-1","scripterPopulation"
"ObjectId(""5a36512590789136ad075125"")","194.947916667","eug16","ObjectId(""5a36512590789136ad075125"")","-1","-1","scripterActivity"
"ObjectId(""5a36520b90789136ad075126"")","169.898897059","eug10","ObjectId(""5a36520b90789136ad075126"")","-1","-1","scripterActivity"
"ObjectId(""5a3653be90789136ad075129"")","-1","eug8","ObjectId(""5a3653be90789136ad075129"")","90","-1","scripterPopulation"
"ObjectId(""5a3655b290789136ad07512c"")","-1","eug6","ObjectId(""5a3655b290789136ad07512c"")","-1","0","scripterResponse"
"ObjectId(""5a36582d90789136ad07512f"")","-1","eug16","ObjectId(""5a36582d90789136ad07512f"")","15","-1","scripterPopulation"
"ObjectId(""5a36591490789136ad075130"")","-1","eug10","ObjectId(""5a36591490789136ad075130"")","54","-1","scripterPopulation"
"ObjectId(""5a365ac690789136ad075133"")","-1","eug8","ObjectId(""5a365ac690789136ad075133"")","-1","0","scripterResponse"
"ObjectId(""5a365cbb90789136ad075136"")","226.632849526","eug6","ObjectId(""5a365cbb90789136ad075136"")","-1","-1","scripterActivity"
"ObjectId(""5a365f3690789136ad075139"")","-1","eug16","ObjectId(""5a365f3690789136ad075139"")","-1","1.27933426304","scripterResponse"
"ObjectId(""5a36601c90789136ad07513a"")","-1","eug10","ObjectId(""5a36601c90789136ad07513a"")","-1","0.238128572422","scripterResponse"
"ObjectId(""5a3661cf90789136ad07513d"")","184.085648148","eug8","ObjectId(""5a3661cf90789136ad07513d"")","-1","-1","scripterActivity"
"ObjectId(""5a3663c390789136ad075140"")","-1","eug6","ObjectId(""5a3663c390789136ad075140"")","191","-1","scripterPopulation"
"ObjectId(""5a36663f90789136ad075143"")","173.802083333","eug16","ObjectId(""5a36663f90789136ad075143"")","-1","-1","scripterActivity"
"ObjectId(""5a36672590789136ad075144"")","166.543311404","eug10","ObjectId(""5a36672590789136ad075144"")","-1","-1","scripterActivity"
"ObjectId(""5a3668d890789136ad075147"")","-1","eug8","ObjectId(""5a3668d890789136ad075147"")","76","-1","scripterPopulation"
"ObjectId(""5a366acc90789136ad07514a"")","-1","eug6","ObjectId(""5a366acc90789136ad07514a"")","-1","0","scripterResponse"
"ObjectId(""5a366d4790789136ad07514d"")","-1","eug16","ObjectId(""5a366d4790789136ad07514d"")","8","-1","scripterPopulation"
"ObjectId(""5a366e2e90789136ad07514e"")","-1","eug10","ObjectId(""5a366e2e90789136ad07514e"")","58","-1","scripterPopulation"
"ObjectId(""5a366fe090789136ad075151"")","-1","eug8","ObjectId(""5a366fe090789136ad075151"")","-1","0","scripterResponse"
"ObjectId(""5a3671d590789136ad075154"")","216.084558824","eug6","ObjectId(""5a3671d590789136ad075154"")","-1","-1","scripterActivity"
"ObjectId(""5a36745090789136ad075157"")","-1","eug16","ObjectId(""5a36745090789136ad075157"")","-1","0.554899319482","scripterResponse"
"ObjectId(""5a36753690789136ad075158"")","-1","eug10","ObjectId(""5a36753690789136ad075158"")","-1","0.0140090634899","scripterResponse"
"ObjectId(""5a3676e890789136ad07515b"")","180.078125","eug8","ObjectId(""5a3676e890789136ad07515b"")","-1","-1","scripterActivity"
"ObjectId(""5a3678dd90789136ad07515e"")","-1","eug6","ObjectId(""5a3678dd90789136ad07515e"")","214","-1","scripterPopulation"
"ObjectId(""5a367b5990789136ad075161"")","175.911458333","eug16","ObjectId(""5a367b5990789136ad075161"")","-1","-1","scripterActivity"
"ObjectId(""5a367c3e90789136ad075162"")","169.791666667","eug10","ObjectId(""5a367c3e90789136ad075162"")","-1","-1","scripterActivity"
"ObjectId(""5a367df190789136ad075165"")","-1","eug8","ObjectId(""5a367df190789136ad075165"")","73","-1","scripterPopulation"
"ObjectId(""5a367fe690789136ad075168"")","-1","eug6","ObjectId(""5a367fe690789136ad075168"")","-1","0","scripterResponse"
"ObjectId(""5a36826190789136ad07516b"")","-1","eug16","ObjectId(""5a36826190789136ad07516b"")","8","-1","scripterPopulation"
"ObjectId(""5a36834790789136ad07516c"")","-1","eug10","ObjectId(""5a36834790789136ad07516c"")","52","-1","scripterPopulation"
"ObjectId(""5a3684f990789136ad07516f"")","-1","eug8","ObjectId(""5a3684f990789136ad07516f"")","-1","0","scripterResponse"
"ObjectId(""5a3686ee90789136ad075172"")","221.196209016","eug6","ObjectId(""5a3686ee90789136ad075172"")","-1","-1","scripterActivity"
"ObjectId(""5a36896a90789136ad075175"")","-1","eug16","ObjectId(""5a36896a90789136ad075175"")","-1","1.05854569284","scripterResponse"
"ObjectId(""5a368a4f90789136ad075176"")","-1","eug10","ObjectId(""5a368a4f90789136ad075176"")","-1","0","scripterResponse"
"ObjectId(""5a368c0290789136ad075179"")","179.657451923","eug8","ObjectId(""5a368c0290789136ad075179"")","-1","-1","scripterActivity"
"ObjectId(""5a368df690789136ad07517c"")","-1","eug6","ObjectId(""5a368df690789136ad07517c"")","165","-1","scripterPopulation"
"ObjectId(""5a36907390789136ad07517f"")","177.138157895","eug16","ObjectId(""5a36907390789136ad07517f"")","-1","-1","scripterActivity"
"ObjectId(""5a36915890789136ad075180"")","167.860576923","eug10","ObjectId(""5a36915890789136ad075180"")","-1","-1","scripterActivity"
"ObjectId(""5a36930b90789136ad075183"")","-1","eug8","ObjectId(""5a36930b90789136ad075183"")","61","-1","scripterPopulation"
"ObjectId(""5a3694ff90789136ad075186"")","-1","eug6","ObjectId(""5a3694ff90789136ad075186"")","-1","0","scripterResponse"
"ObjectId(""5a36977b90789136ad075189"")","-1","eug16","ObjectId(""5a36977b90789136ad075189"")","12","-1","scripterPopulation"
"ObjectId(""5a36986190789136ad07518a"")","-1","eug10","ObjectId(""5a36986190789136ad07518a"")","53","-1","scripterPopulation"
"ObjectId(""5a369a1390789136ad07518d"")","-1","eug8","ObjectId(""5a369a1390789136ad07518d"")","-1","0","scripterResponse"
"ObjectId(""5a369c0890789136ad075190"")","226.312541145","eug6","ObjectId(""5a369c0890789136ad075190"")","-1","-1","scripterActivity"
"ObjectId(""5a369e8490789136ad075193"")","-1","eug16","ObjectId(""5a369e8490789136ad075193"")","-1","1.49598063262","scripterResponse"
"ObjectId(""5a369f6a90789136ad075194"")","-1","eug10","ObjectId(""5a369f6a90789136ad075194"")","-1","0","scripterResponse"
"ObjectId(""5a36a11c90789136ad075197"")","178.732638889","eug8","ObjectId(""5a36a11c90789136ad075197"")","-1","-1","scripterActivity"
"ObjectId(""5a36a31090789136ad07519a"")","-1","eug6","ObjectId(""5a36a31090789136ad07519a"")","205","-1","scripterPopulation"
"ObjectId(""5a36a58c90789136ad07519d"")","181.25","eug16","ObjectId(""5a36a58c90789136ad07519d"")","-1","-1","scripterActivity"
"ObjectId(""5a36a67290789136ad07519e"")","168.09129902","eug10","ObjectId(""5a36a67290789136ad07519e"")","-1","-1","scripterActivity"
"ObjectId(""5a36a82590789136ad0751a1"")","-1","eug8","ObjectId(""5a36a82590789136ad0751a1"")","86","-1","scripterPopulation"
"ObjectId(""5a36aa1890789136ad0751a4"")","-1","eug6","ObjectId(""5a36aa1890789136ad0751a4"")","-1","0","scripterResponse"
"ObjectId(""5a36ac9590789136ad0751a7"")","-1","eug16","ObjectId(""5a36ac9590789136ad0751a7"")","9","-1","scripterPopulation"
"ObjectId(""5a36ad7b90789136ad0751a8"")","-1","eug10","ObjectId(""5a36ad7b90789136ad0751a8"")","58","-1","scripterPopulation"
"ObjectId(""5a36af2d90789136ad0751ab"")","-1","eug8","ObjectId(""5a36af2d90789136ad0751ab"")","-1","0","scripterResponse"
"ObjectId(""5a36b12190789136ad0751ae"")","224.509803922","eug6","ObjectId(""5a36b12190789136ad0751ae"")","-1","-1","scripterActivity"
"ObjectId(""5a36b39d90789136ad0751b1"")","-1","eug16","ObjectId(""5a36b39d90789136ad0751b1"")","-1","0.826517121912","scripterResponse"
"ObjectId(""5a36b48490789136ad0751b2"")","-1","eug10","ObjectId(""5a36b48490789136ad0751b2"")","-1","0.068130559995","scripterResponse"
"ObjectId(""5a36b63690789136ad0751b5"")","182.678865132","eug8","ObjectId(""5a36b63690789136ad0751b5"")","-1","-1","scripterActivity"
"ObjectId(""5a36b82990789136ad0751b8"")","-1","eug6","ObjectId(""5a36b82990789136ad0751b8"")","160","-1","scripterPopulation"
"ObjectId(""5a36baa590789136ad0751bb"")","174.699519231","eug16","ObjectId(""5a36baa590789136ad0751bb"")","-1","-1","scripterActivity"
"ObjectId(""5a36bb8c90789136ad0751bc"")","182.638888889","eug10","ObjectId(""5a36bb8c90789136ad0751bc"")","-1","-1","scripterActivity"
"ObjectId(""5a36bd3e90789136ad0751bf"")","-1","eug8","ObjectId(""5a36bd3e90789136ad0751bf"")","72","-1","scripterPopulation"
"ObjectId(""5a36bf3290789136ad0751c2"")","-1","eug6","ObjectId(""5a36bf3290789136ad0751c2"")","-1","0","scripterResponse"
"ObjectId(""5a36c1ae90789136ad0751c5"")","-1","eug16","ObjectId(""5a36c1ae90789136ad0751c5"")","4","-1","scripterPopulation"
"ObjectId(""5a36c29490789136ad0751c6"")","-1","eug10","ObjectId(""5a36c29490789136ad0751c6"")","57","-1","scripterPopulation"
"ObjectId(""5a36c44790789136ad0751c9"")","-1","eug8","ObjectId(""5a36c44790789136ad0751c9"")","-1","0","scripterResponse"
"ObjectId(""5a36c63a90789136ad0751cc"")","215.208333333","eug6","ObjectId(""5a36c63a90789136ad0751cc"")","-1","-1","scripterActivity"
"ObjectId(""5a36c8b690789136ad0751cf"")","-1","eug16","ObjectId(""5a36c8b690789136ad0751cf"")","-1","1.41834412701","scripterResponse"
"ObjectId(""5a36c99d90789136ad0751d0"")","-1","eug10","ObjectId(""5a36c99d90789136ad0751d0"")","-1","0.0249031126324","scripterResponse"
"ObjectId(""5a36cb5090789136ad0751d3"")","171.862934363","eug8","ObjectId(""5a36cb5090789136ad0751d3"")","-1","-1","scripterActivity"
"ObjectId(""5a36cd4390789136ad0751d6"")","-1","eug6","ObjectId(""5a36cd4390789136ad0751d6"")","186","-1","scripterPopulation"
"ObjectId(""5a36cfbe90789136ad0751d9"")","174.739583333","eug16","ObjectId(""5a36cfbe90789136ad0751d9"")","-1","-1","scripterActivity"
"ObjectId(""5a36d0a690789136ad0751da"")","183.917682927","eug10","ObjectId(""5a36d0a690789136ad0751da"")","-1","-1","scripterActivity"
"ObjectId(""5a36d25890789136ad0751dd"")","-1","eug8","ObjectId(""5a36d25890789136ad0751dd"")","57","-1","scripterPopulation"
"ObjectId(""5a36d44c90789136ad0751e0"")","-1","eug6","ObjectId(""5a36d44c90789136ad0751e0"")","-1","0","scripterResponse"
"ObjectId(""5a36d6c790789136ad0751e3"")","-1","eug16","ObjectId(""5a36d6c790789136ad0751e3"")","10","-1","scripterPopulation"
"ObjectId(""5a36d7ae90789136ad0751e4"")","-1","eug10","ObjectId(""5a36d7ae90789136ad0751e4"")","45","-1","scripterPopulation"
"ObjectId(""5a36d96190789136ad0751e7"")","-1","eug8","ObjectId(""5a36d96190789136ad0751e7"")","-1",0,"scripterResponse"
"ObjectId(""5a36d9be90789136ad0751e9"")","-1","eug6","ObjectId(""5a36d9be90789136ad0751e9"")","-1","-1","peterwashington"
"ObjectId(""5a36da2790789136ad0751ea"")","-1","eug8","ObjectId(""5a36da2790789136ad0751ea"")","-1","-1","peterwashington"
"ObjectId(""5a36da8f90789136ad0751eb"")","-1","eug10","ObjectId(""5a36da8f90789136ad0751eb"")","-1","-1","peterwashington"
"ObjectId(""5a36dae490789136ad0751ec"")","-1","eug16","ObjectId(""5a36dae490789136ad0751ec"")","-1","-1","peterwashington"
"ObjectId(""5a36db5490789136ad0751ee"")","212.731626884","eug6","ObjectId(""5a36db5490789136ad0751ee"")","-1","-1","scripterActivity"
"ObjectId(""5a36ddd090789136ad0751f1"")","-1","eug16","ObjectId(""5a36ddd090789136ad0751f1"")","-1","1.33482024404","scripterResponse"
"ObjectId(""5a36deb790789136ad0751f2"")","-1","eug10","ObjectId(""5a36deb790789136ad0751f2"")","-1","0.220271505515","scripterResponse"
"ObjectId(""5a36e06a90789136ad0751f5"")","185.831925676","eug8","ObjectId(""5a36e06a90789136ad0751f5"")","-1","-1","scripterActivity"
"ObjectId(""5a36e25d90789136ad0751f8"")","-1","eug6","ObjectId(""5a36e25d90789136ad0751f8"")","182","-1","scripterPopulation"
"ObjectId(""5a36e4d890789136ad0751fb"")","173.203125","eug16","ObjectId(""5a36e4d890789136ad0751fb"")","-1","-1","scripterActivity"
"ObjectId(""5a36e5bf90789136ad0751fc"")","187.233664773","eug10","ObjectId(""5a36e5bf90789136ad0751fc"")","-1","-1","scripterActivity"
"ObjectId(""5a36e77290789136ad0751ff"")","-1","eug8","ObjectId(""5a36e77290789136ad0751ff"")","70","-1","scripterPopulation"
"ObjectId(""5a36e96590789136ad075202"")","-1","eug6","ObjectId(""5a36e96590789136ad075202"")","-1",0,"scripterResponse"
"ObjectId(""5a36ebe090789136ad075205"")","-1","eug16","ObjectId(""5a36ebe090789136ad075205"")","13","-1","scripterPopulation"
"ObjectId(""5a36ecc890789136ad075206"")","-1","eug10","ObjectId(""5a36ecc890789136ad075206"")","42","-1","scripterPopulation"
"ObjectId(""5a36ee7b90789136ad075209"")","-1","eug8","ObjectId(""5a36ee7b90789136ad075209"")","-1",0,"scripterResponse"
"ObjectId(""5a36f06e90789136ad07520c"")","221.011991279","eug6","ObjectId(""5a36f06e90789136ad07520c"")","-1","-1","scripterActivity"
"ObjectId(""5a36f2e990789136ad07520f"")","-1","eug16","ObjectId(""5a36f2e990789136ad07520f"")","-1","0.00658600659223","scripterResponse"
"ObjectId(""5a36f3d190789136ad075210"")","-1","eug10","ObjectId(""5a36f3d190789136ad075210"")","-1",0,"scripterResponse"
"ObjectId(""5a36f58390789136ad075213"")","189.322916667","eug8","ObjectId(""5a36f58390789136ad075213"")","-1","-1","scripterActivity"
"ObjectId(""5a36f77690789136ad075216"")","-1","eug6","ObjectId(""5a36f77690789136ad075216"")","162","-1","scripterPopulation"
"ObjectId(""5a36f9f190789136ad075219"")","187.65625","eug16","ObjectId(""5a36f9f190789136ad075219"")","-1","-1","scripterActivity"
"ObjectId(""5a36fad990789136ad07521a"")","171.348852041","eug10","ObjectId(""5a36fad990789136ad07521a"")","-1","-1","scripterActivity"
"ObjectId(""5a36fc8b90789136ad07521d"")","-1","eug8","ObjectId(""5a36fc8b90789136ad07521d"")","48","-1","scripterPopulation"
"ObjectId(""5a36fe7e90789136ad075220"")","-1","eug6","ObjectId(""5a36fe7e90789136ad075220"")","-1",0,"scripterResponse"
"ObjectId(""5a3700fa90789136ad075223"")","-1","eug16","ObjectId(""5a3700fa90789136ad075223"")","8","-1","scripterPopulation"
"ObjectId(""5a3701e190789136ad075224"")","-1","eug10","ObjectId(""5a3701e190789136ad075224"")","42","-1","scripterPopulation"
"ObjectId(""5a37039490789136ad075227"")","-1","eug8","ObjectId(""5a37039490789136ad075227"")","-1",0,"scripterResponse"
"ObjectId(""5a37058790789136ad07522a"")","212.973872951","eug6","ObjectId(""5a37058790789136ad07522a"")","-1","-1","scripterActivity"
"ObjectId(""5a37080390789136ad07522d"")","-1","eug16","ObjectId(""5a37080390789136ad07522d"")","-1","0.564227400606","scripterResponse"
"ObjectId(""5a3708ea90789136ad07522e"")","-1","eug10","ObjectId(""5a3708ea90789136ad07522e"")","-1","0.089538091054","scripterResponse"
"ObjectId(""5a370a9c90789136ad075231"")","168.197737069","eug8","ObjectId(""5a370a9c90789136ad075231"")","-1","-1","scripterActivity"
"ObjectId(""5a370c9090789136ad075234"")","-1","eug6","ObjectId(""5a370c9090789136ad075234"")","168","-1","scripterPopulation"
"ObjectId(""5a370f0b90789136ad075237"")","196.614583333","eug16","ObjectId(""5a370f0b90789136ad075237"")","-1","-1","scripterActivity"
"ObjectId(""5a370ff390789136ad075238"")","166.852678571","eug10","ObjectId(""5a370ff390789136ad075238"")","-1","-1","scripterActivity"
"ObjectId(""5a3711a490789136ad07523b"")","-1","eug8","ObjectId(""5a3711a490789136ad07523b"")","76","-1","scripterPopulation"
"ObjectId(""5a37139890789136ad07523e"")","-1","eug6","ObjectId(""5a37139890789136ad07523e"")","-1",0,"scripterResponse"
"ObjectId(""5a37161390789136ad075241"")","-1","eug16","ObjectId(""5a37161390789136ad075241"")","14","-1","scripterPopulation"
"ObjectId(""5a3716fb90789136ad075242"")","-1","eug10","ObjectId(""5a3716fb90789136ad075242"")","41","-1","scripterPopulation"
"ObjectId(""5a3718ac90789136ad075245"")","-1","eug8","ObjectId(""5a3718ac90789136ad075245"")","-1",0,"scripterResponse"
"ObjectId(""5a371aa090789136ad075248"")","215.19622093","eug6","ObjectId(""5a371aa090789136ad075248"")","-1","-1","scripterActivity"
"ObjectId(""5a371d1c90789136ad07524b"")","-1","eug16","ObjectId(""5a371d1c90789136ad07524b"")","-1","0.708078198001","scripterResponse"
"ObjectId(""5a371e0390789136ad07524c"")","-1","eug10","ObjectId(""5a371e0390789136ad07524c"")","-1",0,"scripterResponse"
"ObjectId(""5a371fb590789136ad07524f"")","176.914612676","eug8","ObjectId(""5a371fb590789136ad07524f"")","-1","-1","scripterActivity"
"ObjectId(""5a3721a990789136ad075252"")","-1","eug6","ObjectId(""5a3721a990789136ad075252"")","168","-1","scripterPopulation"
"ObjectId(""5a37242590789136ad075255"")","180.859375","eug16","ObjectId(""5a37242590789136ad075255"")","-1","-1","scripterActivity"
"ObjectId(""5a37250c90789136ad075256"")","178.072916667","eug10","ObjectId(""5a37250c90789136ad075256"")","-1","-1","scripterActivity"
"ObjectId(""5a3726bd90789136ad075259"")","-1","eug8","ObjectId(""5a3726bd90789136ad075259"")","78","-1","scripterPopulation"
"ObjectId(""5a3728b290789136ad07525c"")","-1","eug6","ObjectId(""5a3728b290789136ad07525c"")","-1",0,"scripterResponse"
"ObjectId(""5a372b2d90789136ad07525f"")","-1","eug16","ObjectId(""5a372b2d90789136ad07525f"")","7","-1","scripterPopulation"
"ObjectId(""5a372c1490789136ad075260"")","-1","eug10","ObjectId(""5a372c1490789136ad075260"")","46","-1","scripterPopulation"
"ObjectId(""5a372dc690789136ad075263"")","-1","eug8","ObjectId(""5a372dc690789136ad075263"")","-1",0,"scripterResponse"
"ObjectId(""5a372fbb90789136ad075266"")","214.35789801","eug6","ObjectId(""5a372fbb90789136ad075266"")","-1","-1","scripterActivity"
"ObjectId(""5a37323690789136ad075269"")","-1","eug16","ObjectId(""5a37323690789136ad075269"")","-1","0.782513594917","scripterResponse"
"ObjectId(""5a37331c90789136ad07526a"")","-1","eug10","ObjectId(""5a37331c90789136ad07526a"")","-1","0.142291756898","scripterResponse"
"ObjectId(""5a3734ce90789136ad07526d"")","180.763888889","eug8","ObjectId(""5a3734ce90789136ad07526d"")","-1","-1","scripterActivity"
"ObjectId(""5a3736c490789136ad075270"")","-1","eug6","ObjectId(""5a3736c490789136ad075270"")","181","-1","scripterPopulation"
"ObjectId(""5a37393e90789136ad075273"")","173.828125","eug16","ObjectId(""5a37393e90789136ad075273"")","-1","-1","scripterActivity"
"ObjectId(""5a373a2590789136ad075274"")","160.25390625","eug10","ObjectId(""5a373a2590789136ad075274"")","-1","-1","scripterActivity"
"ObjectId(""5a373bd790789136ad075277"")","-1","eug8","ObjectId(""5a373bd790789136ad075277"")","82","-1","scripterPopulation"
"ObjectId(""5a373dcd90789136ad07527a"")","-1","eug6","ObjectId(""5a373dcd90789136ad07527a"")","-1",0,"scripterResponse"
"ObjectId(""5a37404790789136ad07527d"")","-1","eug16","ObjectId(""5a37404790789136ad07527d"")","11","-1","scripterPopulation"
"ObjectId(""5a37412e90789136ad07527e"")","-1","eug10","ObjectId(""5a37412e90789136ad07527e"")","43","-1","scripterPopulation"
"ObjectId(""5a3742e090789136ad075281"")","-1","eug8","ObjectId(""5a3742e090789136ad075281"")","-1",0,"scripterResponse"
"ObjectId(""5a3744d690789136ad075284"")","201.533917683","eug6","ObjectId(""5a3744d690789136ad075284"")","-1","-1","scripterActivity"
"ObjectId(""5a37475090789136ad075287"")","-1","eug16","ObjectId(""5a37475090789136ad075287"")","-1","0.490606632446","scripterResponse"
"ObjectId(""5a37483790789136ad075288"")","-1","eug10","ObjectId(""5a37483790789136ad075288"")","-1",0,"scripterResponse"
"ObjectId(""5a3749e890789136ad07528b"")","173.395833333","eug8","ObjectId(""5a3749e890789136ad07528b"")","-1","-1","scripterActivity"
"ObjectId(""5a374bde90789136ad07528e"")","-1","eug6","ObjectId(""5a374bde90789136ad07528e"")","138","-1","scripterPopulation"
"ObjectId(""5a374e5890789136ad075291"")","174.90234375","eug16","ObjectId(""5a374e5890789136ad075291"")","-1","-1","scripterActivity"
"ObjectId(""5a374f3f90789136ad075292"")","172.861842105","eug10","ObjectId(""5a374f3f90789136ad075292"")","-1","-1","scripterActivity"
"ObjectId(""5a3750f090789136ad075295"")","-1","eug8","ObjectId(""5a3750f090789136ad075295"")","76","-1","scripterPopulation"
"ObjectId(""5a3752e790789136ad075298"")","-1","eug6","ObjectId(""5a3752e790789136ad075298"")","-1",0,"scripterResponse"
"ObjectId(""5a37556190789136ad07529b"")","-1","eug16","ObjectId(""5a37556190789136ad07529b"")","10","-1","scripterPopulation"
"ObjectId(""5a37564890789136ad07529c"")","-1","eug10","ObjectId(""5a37564890789136ad07529c"")","37","-1","scripterPopulation"
"ObjectId(""5a3757f990789136ad07529f"")","-1","eug8","ObjectId(""5a3757f990789136ad07529f"")","-1",0,"scripterResponse"
"ObjectId(""5a3759ef90789136ad0752a2"")","223.80628882","eug6","ObjectId(""5a3759ef90789136ad0752a2"")","-1","-1","scripterActivity"
"ObjectId(""5a375c6a90789136ad0752a5"")","-1","eug16","ObjectId(""5a375c6a90789136ad0752a5"")","-1","0.999141643462","scripterResponse"
"ObjectId(""5a375d5190789136ad0752a6"")","-1","eug10","ObjectId(""5a375d5190789136ad0752a6"")","-1",0,"scripterResponse"
"ObjectId(""5a375f0190789136ad0752a9"")","175.436827957","eug8","ObjectId(""5a375f0190789136ad0752a9"")","-1","-1","scripterActivity"
"ObjectId(""5a3760f790789136ad0752ac"")","-1","eug6","ObjectId(""5a3760f790789136ad0752ac"")","151","-1","scripterPopulation"
"ObjectId(""5a37637290789136ad0752af"")","127.265625","eug16","ObjectId(""5a37637290789136ad0752af"")","-1","-1","scripterActivity"
"ObjectId(""5a37645990789136ad0752b0"")","164.46143617","eug10","ObjectId(""5a37645990789136ad0752b0"")","-1","-1","scripterActivity"
"ObjectId(""5a37660990789136ad0752b3"")","-1","eug8","ObjectId(""5a37660990789136ad0752b3"")","80","-1","scripterPopulation"
"ObjectId(""5a37680090789136ad0752b6"")","-1","eug6","ObjectId(""5a37680090789136ad0752b6"")","-1",0,"scripterResponse"
"ObjectId(""5a376a7b90789136ad0752b9"")","-1","eug16","ObjectId(""5a376a7b90789136ad0752b9"")","4","-1","scripterPopulation"
"ObjectId(""5a376b6190789136ad0752ba"")","-1","eug10","ObjectId(""5a376b6190789136ad0752ba"")","41","-1","scripterPopulation"
"ObjectId(""5a376d1290789136ad0752bd"")","-1","eug8","ObjectId(""5a376d1290789136ad0752bd"")","-1",0,"scripterResponse"
"ObjectId(""5a376f0990789136ad0752c0"")","213.249454942","eug6","ObjectId(""5a376f0990789136ad0752c0"")","-1","-1","scripterActivity"
"ObjectId(""5a37718490789136ad0752c3"")","-1","eug16","ObjectId(""5a37718490789136ad0752c3"")","-1","0.93887862871","scripterResponse"
"ObjectId(""5a37726a90789136ad0752c4"")","-1","eug10","ObjectId(""5a37726a90789136ad0752c4"")","-1","0.0693687255841","scripterResponse"
"ObjectId(""5a37741b90789136ad0752c7"")","168.582589286","eug8","ObjectId(""5a37741b90789136ad0752c7"")","-1","-1","scripterActivity"
"ObjectId(""5a37761190789136ad0752ca"")","-1","eug6","ObjectId(""5a37761190789136ad0752ca"")","136","-1","scripterPopulation"
"ObjectId(""5a37788d90789136ad0752cd"")","181.71875","eug16","ObjectId(""5a37788d90789136ad0752cd"")","-1","-1","scripterActivity"
"ObjectId(""5a37797290789136ad0752ce"")","173.195684524","eug10","ObjectId(""5a37797290789136ad0752ce"")","-1","-1","scripterActivity"
"ObjectId(""5a377b2390789136ad0752d1"")","-1","eug8","ObjectId(""5a377b2390789136ad0752d1"")","77","-1","scripterPopulation"
"ObjectId(""5a377d1990789136ad0752d4"")","-1","eug6","ObjectId(""5a377d1990789136ad0752d4"")","-1",0,"scripterResponse"
"ObjectId(""5a377f9590789136ad0752d7"")","-1","eug16","ObjectId(""5a377f9590789136ad0752d7"")","15","-1","scripterPopulation"
"ObjectId(""5a37807b90789136ad0752d8"")","-1","eug10","ObjectId(""5a37807b90789136ad0752d8"")","43","-1","scripterPopulation"
"ObjectId(""5a37822b90789136ad0752db"")","-1","eug8","ObjectId(""5a37822b90789136ad0752db"")","-1",0,"scripterResponse"
"ObjectId(""5a37842290789136ad0752de"")","199.352254747","eug6","ObjectId(""5a37842290789136ad0752de"")","-1","-1","scripterActivity"
"ObjectId(""5a37869e90789136ad0752e1"")","-1","eug16","ObjectId(""5a37869e90789136ad0752e1"")","-1","0.744881761547","scripterResponse"
"ObjectId(""5a37878390789136ad0752e2"")","-1","eug10","ObjectId(""5a37878390789136ad0752e2"")","-1",0,"scripterResponse"
"ObjectId(""5a37893390789136ad0752e5"")","168.544407895","eug8","ObjectId(""5a37893390789136ad0752e5"")","-1","-1","scripterActivity"
"ObjectId(""5a378b2a90789136ad0752e8"")","-1","eug6","ObjectId(""5a378b2a90789136ad0752e8"")","165","-1","scripterPopulation"
"ObjectId(""5a378da690789136ad0752eb"")","174.724264706","eug16","ObjectId(""5a378da690789136ad0752eb"")","-1","-1","scripterActivity"
"ObjectId(""5a378e8b90789136ad0752ec"")","164.62710084","eug10","ObjectId(""5a378e8b90789136ad0752ec"")","-1","-1","scripterActivity"
"ObjectId(""5a37903c90789136ad0752ef"")","-1","eug8","ObjectId(""5a37903c90789136ad0752ef"")","71","-1","scripterPopulation"
"ObjectId(""5a37923390789136ad0752f2"")","-1","eug6","ObjectId(""5a37923390789136ad0752f2"")","-1",0,"scripterResponse"
"ObjectId(""5a3794af90789136ad0752f5"")","-1","eug16","ObjectId(""5a3794af90789136ad0752f5"")","8","-1","scripterPopulation"
"ObjectId(""5a37959390789136ad0752f6"")","-1","eug10","ObjectId(""5a37959390789136ad0752f6"")","36","-1","scripterPopulation"
"ObjectId(""5a37974590789136ad0752f9"")","-1","eug8","ObjectId(""5a37974590789136ad0752f9"")","-1",0,"scripterResponse"
"ObjectId(""5a37993b90789136ad0752fc"")","229.778343023","eug6","ObjectId(""5a37993b90789136ad0752fc"")","-1","-1","scripterActivity"
"ObjectId(""5a379bb790789136ad0752ff"")","-1","eug16","ObjectId(""5a379bb790789136ad0752ff"")","-1","0.2302126414","scripterResponse"
"ObjectId(""5a379c9c90789136ad075300"")","-1","eug10","ObjectId(""5a379c9c90789136ad075300"")","-1","0.058232926753","scripterResponse"
"ObjectId(""5a379e4d90789136ad075303"")","179.236778846","eug8","ObjectId(""5a379e4d90789136ad075303"")","-1","-1","scripterActivity"
"ObjectId(""5a37a04390789136ad075306"")","-1","eug6","ObjectId(""5a37a04390789136ad075306"")","273","-1","scripterPopulation"
"ObjectId(""5a37a2c090789136ad075309"")","142.708333333","eug16","ObjectId(""5a37a2c090789136ad075309"")","-1","-1","scripterActivity"
"ObjectId(""5a37a3a490789136ad07530a"")","163.597470238","eug10","ObjectId(""5a37a3a490789136ad07530a"")","-1","-1","scripterActivity"
"ObjectId(""5a37a55590789136ad07530d"")","-1","eug8","ObjectId(""5a37a55590789136ad07530d"")","87","-1","scripterPopulation"
"ObjectId(""5a37a74c90789136ad075310"")","-1","eug6","ObjectId(""5a37a74c90789136ad075310"")","-1",0,"scripterResponse"
"ObjectId(""5a37a9c890789136ad075313"")","-1","eug16","ObjectId(""5a37a9c890789136ad075313"")","18","-1","scripterPopulation"
"ObjectId(""5a37aaac90789136ad075314"")","-1","eug10","ObjectId(""5a37aaac90789136ad075314"")","27","-1","scripterPopulation"
"ObjectId(""5a37ac5d90789136ad075317"")","-1","eug8","ObjectId(""5a37ac5d90789136ad075317"")","-1",0,"scripterResponse"
"ObjectId(""5a37ae5490789136ad07531a"")","231.623186384","eug6","ObjectId(""5a37ae5490789136ad07531a"")","-1","-1","scripterActivity"
"ObjectId(""5a37b0d190789136ad07531d"")","-1","eug16","ObjectId(""5a37b0d190789136ad07531d"")","-1",0,"scripterResponse"
"ObjectId(""5a37b1b490789136ad07531e"")","-1","eug10","ObjectId(""5a37b1b490789136ad07531e"")","-1",0,"scripterResponse"
"ObjectId(""5a37b36590789136ad075321"")","165.564123377","eug8","ObjectId(""5a37b36590789136ad075321"")","-1","-1","scripterActivity"
"ObjectId(""5a37b55d90789136ad075324"")","-1","eug6","ObjectId(""5a37b55d90789136ad075324"")","231","-1","scripterPopulation"
"ObjectId(""5a37b7d990789136ad075327"")","167.5390625","eug16","ObjectId(""5a37b7d990789136ad075327"")","-1","-1","scripterActivity"
"ObjectId(""5a37b8bd90789136ad075328"")","170.1875","eug10","ObjectId(""5a37b8bd90789136ad075328"")","-1","-1","scripterActivity"
"ObjectId(""5a37ba6e90789136ad07532b"")","-1","eug8","ObjectId(""5a37ba6e90789136ad07532b"")","79","-1","scripterPopulation"
"ObjectId(""5a37bc6590789136ad07532e"")","-1","eug6","ObjectId(""5a37bc6590789136ad07532e"")","-1",0,"scripterResponse"
"ObjectId(""5a37bee190789136ad075331"")","-1","eug16","ObjectId(""5a37bee190789136ad075331"")","23","-1","scripterPopulation"
"ObjectId(""5a37bfc690789136ad075332"")","-1","eug10","ObjectId(""5a37bfc690789136ad075332"")","31","-1","scripterPopulation"
"ObjectId(""5a37c17690789136ad075335"")","-1","eug8","ObjectId(""5a37c17690789136ad075335"")","-1",0,"scripterResponse"
"ObjectId(""5a37c36d90789136ad075338"")","214.82669214","eug6","ObjectId(""5a37c36d90789136ad075338"")","-1","-1","scripterActivity"
"ObjectId(""5a37c5ea90789136ad07533b"")","-1","eug16","ObjectId(""5a37c5ea90789136ad07533b"")","-1",0,"scripterResponse"
"ObjectId(""5a37c6cf90789136ad07533c"")","-1","eug10","ObjectId(""5a37c6cf90789136ad07533c"")","-1",0,"scripterResponse"
"ObjectId(""5a37c87e90789136ad07533f"")","167.447916667","eug8","ObjectId(""5a37c87e90789136ad07533f"")","-1","-1","scripterActivity"
"ObjectId(""5a37ca7690789136ad075342"")","-1","eug6","ObjectId(""5a37ca7690789136ad075342"")","242","-1","scripterPopulation"
"ObjectId(""5a37ccf290789136ad075345"")","175.841346154","eug16","ObjectId(""5a37ccf290789136ad075345"")","-1","-1","scripterActivity"
"ObjectId(""5a37cdd690789136ad075346"")","149.147727273","eug10","ObjectId(""5a37cdd690789136ad075346"")","-1","-1","scripterActivity"
"ObjectId(""5a37cf8790789136ad075349"")","-1","eug8","ObjectId(""5a37cf8790789136ad075349"")","58","-1","scripterPopulation"
"ObjectId(""5a37d17e90789136ad07534c"")","-1","eug6","ObjectId(""5a37d17e90789136ad07534c"")","-1",0,"scripterResponse"
"ObjectId(""5a37d3fa90789136ad07534f"")","-1","eug16","ObjectId(""5a37d3fa90789136ad07534f"")","24","-1","scripterPopulation"
"ObjectId(""5a37d4df90789136ad075350"")","-1","eug10","ObjectId(""5a37d4df90789136ad075350"")","32","-1","scripterPopulation"
"ObjectId(""5a37d68f90789136ad075353"")","-1","eug8","ObjectId(""5a37d68f90789136ad075353"")","-1",0,"scripterResponse"
"ObjectId(""5a37d88790789136ad075356"")","224.297907489","eug6","ObjectId(""5a37d88790789136ad075356"")","-1","-1","scripterActivity"
"ObjectId(""5a37db0390789136ad075359"")","-1","eug16","ObjectId(""5a37db0390789136ad075359"")","-1","0.129085801901","scripterResponse"
"ObjectId(""5a37dbe790789136ad07535a"")","-1","eug10","ObjectId(""5a37dbe790789136ad07535a"")","-1",0,"scripterResponse"
"ObjectId(""5a37dd9790789136ad07535d"")","174.435096154","eug8","ObjectId(""5a37dd9790789136ad07535d"")","-1","-1","scripterActivity"
"ObjectId(""5a37df8f90789136ad075360"")","-1","eug6","ObjectId(""5a37df8f90789136ad075360"")","195","-1","scripterPopulation"
"ObjectId(""5a37e20b90789136ad075363"")","151.96875","eug16","ObjectId(""5a37e20b90789136ad075363"")","-1","-1","scripterActivity"
"ObjectId(""5a37e2f090789136ad075364"")","189.084201389","eug10","ObjectId(""5a37e2f090789136ad075364"")","-1","-1","scripterActivity"
"ObjectId(""5a37e4a090789136ad075367"")","-1","eug8","ObjectId(""5a37e4a090789136ad075367"")","76","-1","scripterPopulation"
"ObjectId(""5a37e69890789136ad07536a"")","-1","eug6","ObjectId(""5a37e69890789136ad07536a"")","-1",0,"scripterResponse"
"ObjectId(""5a37e91490789136ad07536d"")","-1","eug16","ObjectId(""5a37e91490789136ad07536d"")","24","-1","scripterPopulation"
"ObjectId(""5a37e9f890789136ad07536e"")","-1","eug10","ObjectId(""5a37e9f890789136ad07536e"")","25","-1","scripterPopulation"
"ObjectId(""5a37eba990789136ad075371"")","-1","eug8","ObjectId(""5a37eba990789136ad075371"")","-1",0,"scripterResponse"
"ObjectId(""5a37eda090789136ad075374"")","215.803475216","eug6","ObjectId(""5a37eda090789136ad075374"")","-1","-1","scripterActivity"
"ObjectId(""5a37f01c90789136ad075377"")","-1","eug16","ObjectId(""5a37f01c90789136ad075377"")","-1","0.0238386487773","scripterResponse"
"ObjectId(""5a37f10190789136ad075378"")","-1","eug10","ObjectId(""5a37f10190789136ad075378"")","-1",0,"scripterResponse"
"ObjectId(""5a37f2b190789136ad07537b"")","151.77671371","eug8","ObjectId(""5a37f2b190789136ad07537b"")","-1","-1","scripterActivity"
"ObjectId(""5a37f4a990789136ad07537e"")","-1","eug6","ObjectId(""5a37f4a990789136ad07537e"")","218","-1","scripterPopulation"
"ObjectId(""5a37f72490789136ad075381"")","157.112068966","eug16","ObjectId(""5a37f72490789136ad075381"")","-1","-1","scripterActivity"
"ObjectId(""5a37f80990789136ad075382"")","187.416294643","eug10","ObjectId(""5a37f80990789136ad075382"")","-1","-1","scripterActivity"
"ObjectId(""5a37f9b990789136ad075385"")","-1","eug8","ObjectId(""5a37f9b990789136ad075385"")","72","-1","scripterPopulation"
"ObjectId(""5a37fbb190789136ad075388"")","-1","eug6","ObjectId(""5a37fbb190789136ad075388"")","-1",0,"scripterResponse"
"ObjectId(""5a37fe2c90789136ad07538b"")","-1","eug16","ObjectId(""5a37fe2c90789136ad07538b"")","16","-1","scripterPopulation"
"ObjectId(""5a37ff1290789136ad07538c"")","-1","eug10","ObjectId(""5a37ff1290789136ad07538c"")","29","-1","scripterPopulation"
"ObjectId(""5a3800c190789136ad07538f"")","-1","eug8","ObjectId(""5a3800c190789136ad07538f"")","-1",0,"scripterResponse"
"ObjectId(""5a3802ba90789136ad075392"")","204.044397866","eug6","ObjectId(""5a3802ba90789136ad075392"")","-1","-1","scripterActivity"
"ObjectId(""5a38053590789136ad075395"")","-1","eug16","ObjectId(""5a38053590789136ad075395"")","-1","0.38081484788","scripterResponse"
"ObjectId(""5a38061a90789136ad075396"")","-1","eug10","ObjectId(""5a38061a90789136ad075396"")","-1",0,"scripterResponse"
"ObjectId(""5a3807c990789136ad075399"")","179.140625","eug8","ObjectId(""5a3807c990789136ad075399"")","-1","-1","scripterActivity"
"ObjectId(""5a3809c390789136ad07539c"")","-1","eug6","ObjectId(""5a3809c390789136ad07539c"")","199","-1","scripterPopulation"
"ObjectId(""5a380c3d90789136ad07539f"")","162.212171053","eug16","ObjectId(""5a380c3d90789136ad07539f"")","-1","-1","scripterActivity"
"ObjectId(""5a380d2290789136ad0753a0"")","152.604166667","eug10","ObjectId(""5a380d2290789136ad0753a0"")","-1","-1","scripterActivity"
"ObjectId(""5a380ed290789136ad0753a3"")","-1","eug8","ObjectId(""5a380ed290789136ad0753a3"")","53","-1","scripterPopulation"
"ObjectId(""5a3810cb90789136ad0753a6"")","-1","eug6","ObjectId(""5a3810cb90789136ad0753a6"")","-1",0,"scripterResponse"
"ObjectId(""5a38134690789136ad0753a9"")","-1","eug16","ObjectId(""5a38134690789136ad0753a9"")","15","-1","scripterPopulation"
"ObjectId(""5a38142a90789136ad0753aa"")","-1","eug10","ObjectId(""5a38142a90789136ad0753aa"")","22","-1","scripterPopulation"
"ObjectId(""5a3815db90789136ad0753ad"")","-1","eug8","ObjectId(""5a3815db90789136ad0753ad"")","-1",0,"scripterResponse"
"ObjectId(""5a3817d490789136ad0753b0"")","215.357990506","eug6","ObjectId(""5a3817d490789136ad0753b0"")","-1","-1","scripterActivity"
"ObjectId(""5a381a4f90789136ad0753b3"")","-1","eug16","ObjectId(""5a381a4f90789136ad0753b3"")","-1","0.347945071364","scripterResponse"
"ObjectId(""5a381b3290789136ad0753b4"")","-1","eug10","ObjectId(""5a381b3290789136ad0753b4"")","-1",0,"scripterResponse"
"ObjectId(""5a381ce390789136ad0753b7"")","177.776227679","eug8","ObjectId(""5a381ce390789136ad0753b7"")","-1","-1","scripterActivity"
"ObjectId(""5a381edc90789136ad0753ba"")","-1","eug6","ObjectId(""5a381edc90789136ad0753ba"")","249","-1","scripterPopulation"
"ObjectId(""5a38214890789136ad0753bd"")","-1","eug6","ObjectId(""5a38214890789136ad0753bd"")","-1","-1","ingmar"
"ObjectId(""5a38215790789136ad0753be"")","156.550480769","eug16","ObjectId(""5a38215790789136ad0753be"")","-1","-1","scripterActivity"
"ObjectId(""5a38221f90789136ad0753bf"")","-1","eug8","ObjectId(""5a38221f90789136ad0753bf"")","-1","-1","ingmar"
"ObjectId(""5a38223b90789136ad0753c0"")","147.1875","eug10","ObjectId(""5a38223b90789136ad0753c0"")","-1","-1","scripterActivity"
"ObjectId(""5a3822bf90789136ad0753c2"")","-1","eug16","ObjectId(""5a3822bf90789136ad0753c2"")","-1","-1","ingmar"
"ObjectId(""5a3823ec90789136ad0753c4"")","-1","eug8","ObjectId(""5a3823ec90789136ad0753c4"")","68","-1","scripterPopulation"
"ObjectId(""5a3825e490789136ad0753c7"")","-1","eug6","ObjectId(""5a3825e490789136ad0753c7"")","-1",0,"scripterResponse"
"ObjectId(""5a38281090789136ad0753ca"")","-1","eug6","ObjectId(""5a38281090789136ad0753ca"")","-1","-1","casey"
"ObjectId(""5a38286090789136ad0753cb"")","-1","eug16","ObjectId(""5a38286090789136ad0753cb"")","14","-1","scripterPopulation"
"ObjectId(""5a38286490789136ad0753cc"")","-1","eug6","ObjectId(""5a38286490789136ad0753cc"")","-1","-1","casey"
"ObjectId(""5a3828b090789136ad0753cd"")","-1","eug6","ObjectId(""5a3828b090789136ad0753cd"")","-1","-1","casey"
"ObjectId(""5a38294390789136ad0753cf"")","-1","eug10","ObjectId(""5a38294390789136ad0753cf"")","21","-1","scripterPopulation"
"ObjectId(""5a38295790789136ad0753d0"")","-1","eug8","ObjectId(""5a38295790789136ad0753d0"")","-1","-1","casey"
"ObjectId(""5a382af490789136ad0753d4"")","-1","eug8","ObjectId(""5a382af490789136ad0753d4"")","-1",0,"scripterResponse"
"ObjectId(""5a382b7890789136ad0753d6"")","-1","eug6","ObjectId(""5a382b7890789136ad0753d6"")","-1","-1","casey"
"ObjectId(""5a382be290789136ad0753d7"")","-1","eug8","ObjectId(""5a382be290789136ad0753d7"")","-1","-1","casey"
"ObjectId(""5a382c6b90789136ad0753d8"")","-1","eug6","ObjectId(""5a382c6b90789136ad0753d8"")","-1","-1","shirishgoyal"
"ObjectId(""5a382cea90789136ad0753da"")","-1","eug8","ObjectId(""5a382cea90789136ad0753da"")","-1","-1","shirishgoyal"
"ObjectId(""5a382cec90789136ad0753db"")","238.686784351","eug6","ObjectId(""5a382cec90789136ad0753db"")","-1","-1","scripterActivity"
"ObjectId(""5a382d7490789136ad0753dc"")","-1","eug10","ObjectId(""5a382d7490789136ad0753dc"")","-1","-1","shirishgoyal"
"ObjectId(""5a382de190789136ad0753dd"")","-1","eug16","ObjectId(""5a382de190789136ad0753dd"")","-1","-1","shirishgoyal"
"ObjectId(""5a382f6990789136ad0753e0"")","-1","eug16","ObjectId(""5a382f6990789136ad0753e0"")","-1","0.849672246545","scripterResponse"
"ObjectId(""5a382f7490789136ad0753e1"")","-1","eug6","ObjectId(""5a382f7490789136ad0753e1"")","-1","-1","shirishgoyal"
"ObjectId(""5a38301190789136ad0753e2"")","-1","eug8","ObjectId(""5a38301190789136ad0753e2"")","-1","-1","shirishgoyal"
"ObjectId(""5a38304c90789136ad0753e3"")","-1","eug10","ObjectId(""5a38304c90789136ad0753e3"")","-1","0.0808873199179","scripterResponse"
"ObjectId(""5a38307b90789136ad0753e4"")","-1","eug6","ObjectId(""5a38307b90789136ad0753e4"")","-1","-1","casey"
"ObjectId(""5a3830f290789136ad0753e6"")","-1","eug6","ObjectId(""5a3830f290789136ad0753e6"")","-1","-1","casey"
"ObjectId(""5a38317290789136ad0753e7"")","-1","eug8","ObjectId(""5a38317290789136ad0753e7"")","-1","-1","casey"
"ObjectId(""5a38318490789136ad0753e8"")","-1","eug10","ObjectId(""5a38318490789136ad0753e8"")","-1","-1","shirishgoyal"
"ObjectId(""5a3831cc90789136ad0753e9"")","-1","eug8","ObjectId(""5a3831cc90789136ad0753e9"")","-1","-1","casey"
"ObjectId(""5a3831f790789136ad0753eb"")","-1","eug16","ObjectId(""5a3831f790789136ad0753eb"")","-1","-1","shirishgoyal"
"ObjectId(""5a38333b90789136ad0753ee"")","-1","eug6","ObjectId(""5a38333b90789136ad0753ee"")","-1","-1","shirishgoyal"
"ObjectId(""5a38333f90789136ad0753ef"")","-1","eug8","ObjectId(""5a38333f90789136ad0753ef"")","-1","-1","shirishgoyal"
"ObjectId(""5a38334290789136ad0753f0"")","-1","eug10","ObjectId(""5a38334290789136ad0753f0"")","-1","-1","shirishgoyal"
"ObjectId(""5a38334790789136ad0753f1"")","-1","eug16","ObjectId(""5a38334790789136ad0753f1"")","-1","-1","shirishgoyal"
"ObjectId(""5a3833f590789136ad0753f3"")","-1","eug6","ObjectId(""5a3833f590789136ad0753f3"")","227","-1","scripterPopulation"
"ObjectId(""5a38343f90789136ad0753f4"")","-1","eug10","ObjectId(""5a38343f90789136ad0753f4"")","-1","-1","casey"
"ObjectId(""5a38348e90789136ad0753f5"")","-1","eug16","ObjectId(""5a38348e90789136ad0753f5"")","-1","-1","casey"
"ObjectId(""5a38367290789136ad0753f8"")","217.728365385","eug16","ObjectId(""5a38367290789136ad0753f8"")","-1","-1","scripterActivity"
"ObjectId(""5a38375490789136ad0753f9"")","158.080357143","eug10","ObjectId(""5a38375490789136ad0753f9"")","-1","-1","scripterActivity"
"ObjectId(""5a38390590789136ad0753fc"")","169.344190141","eug8","ObjectId(""5a38390590789136ad0753fc"")","-1","-1","scripterActivity"
"ObjectId(""5a383afd90789136ad0753ff"")","-1","eug6","ObjectId(""5a383afd90789136ad0753ff"")","-1",0,"scripterResponse"
"ObjectId(""5a383d7a90789136ad075402"")","-1","eug16","ObjectId(""5a383d7a90789136ad075402"")","13","-1","scripterPopulation"
"ObjectId(""5a383e5c90789136ad075403"")","-1","eug10","ObjectId(""5a383e5c90789136ad075403"")","16","-1","scripterPopulation"
"ObjectId(""5a38400d90789136ad075406"")","-1","eug8","ObjectId(""5a38400d90789136ad075406"")","62","-1","scripterPopulation"
"ObjectId(""5a38420590789136ad075409"")","230.623807252","eug6","ObjectId(""5a38420590789136ad075409"")","-1","-1","scripterActivity"
"ObjectId(""5a38448390789136ad07540c"")","-1","eug16","ObjectId(""5a38448390789136ad07540c"")","-1","0.377779129989","scripterResponse"
"ObjectId(""5a38456590789136ad07540d"")","-1","eug10","ObjectId(""5a38456590789136ad07540d"")","-1",0,"scripterResponse"
"ObjectId(""5a38471690789136ad075410"")","-1","eug8","ObjectId(""5a38471690789136ad075410"")","-1",0,"scripterResponse"
"ObjectId(""5a38490e90789136ad075413"")","-1","eug6","ObjectId(""5a38490e90789136ad075413"")","228","-1","scripterPopulation"
"ObjectId(""5a384b8b90789136ad075416"")","222.578125","eug16","ObjectId(""5a384b8b90789136ad075416"")","-1","-1","scripterActivity"
"ObjectId(""5a384c6d90789136ad075417"")","157.902644231","eug10","ObjectId(""5a384c6d90789136ad075417"")","-1","-1","scripterActivity"
"ObjectId(""5a384e1e90789136ad07541a"")","168.591101695","eug8","ObjectId(""5a384e1e90789136ad07541a"")","-1","-1","scripterActivity"
"ObjectId(""5a384f2590789136ad07541c"")","-1","eug6","ObjectId(""5a384f2590789136ad07541c"")","-1","-1","shirishgoyal"
"ObjectId(""5a384f8c90789136ad07541d"")","-1","eug8","ObjectId(""5a384f8c90789136ad07541d"")","-1","-1","shirishgoyal"
"ObjectId(""5a384ff490789136ad07541f"")","-1","eug10","ObjectId(""5a384ff490789136ad07541f"")","-1","-1","shirishgoyal"
"ObjectId(""5a38501690789136ad075420"")","-1","eug6","ObjectId(""5a38501690789136ad075420"")","-1",0,"scripterResponse"
"ObjectId(""5a38505b90789136ad075421"")","-1","eug16","ObjectId(""5a38505b90789136ad075421"")","-1","-1","shirishgoyal"
"ObjectId(""5a38529490789136ad075424"")","-1","eug16","ObjectId(""5a38529490789136ad075424"")","18","-1","scripterPopulation"
"ObjectId(""5a38537690789136ad075425"")","-1","eug10","ObjectId(""5a38537690789136ad075425"")","23","-1","scripterPopulation"
"ObjectId(""5a38552790789136ad075428"")","-1","eug8","ObjectId(""5a38552790789136ad075428"")","70","-1","scripterPopulation"
"ObjectId(""5a38571f90789136ad07542b"")","213.452663502","eug6","ObjectId(""5a38571f90789136ad07542b"")","-1","-1","scripterActivity"
"ObjectId(""5a38599d90789136ad07542e"")","-1","eug16","ObjectId(""5a38599d90789136ad07542e"")","-1","0.189594899814","scripterResponse"
"ObjectId(""5a385a7e90789136ad07542f"")","-1","eug10","ObjectId(""5a385a7e90789136ad07542f"")","-1",0,"scripterResponse"
"ObjectId(""5a385c3090789136ad075432"")","-1","eug8","ObjectId(""5a385c3090789136ad075432"")","-1",0,"scripterResponse"
"ObjectId(""5a385e2890789136ad075435"")","-1","eug6","ObjectId(""5a385e2890789136ad075435"")","253","-1","scripterPopulation"
"ObjectId(""5a3860a590789136ad075438"")","161.25","eug16","ObjectId(""5a3860a590789136ad075438"")","-1","-1","scripterActivity"
"ObjectId(""5a38618790789136ad075439"")","174.278846154","eug10","ObjectId(""5a38618790789136ad075439"")","-1","-1","scripterActivity"
"ObjectId(""5a38633890789136ad07543c"")","184.786184211","eug8","ObjectId(""5a38633890789136ad07543c"")","-1","-1","scripterActivity"
"ObjectId(""5a38653090789136ad07543f"")","-1","eug6","ObjectId(""5a38653090789136ad07543f"")","-1",0,"scripterResponse"
"ObjectId(""5a3867ae90789136ad075442"")","-1","eug16","ObjectId(""5a3867ae90789136ad075442"")","18","-1","scripterPopulation"
"ObjectId(""5a38688f90789136ad075443"")","-1","eug10","ObjectId(""5a38688f90789136ad075443"")","21","-1","scripterPopulation"
"ObjectId(""5a386a4190789136ad075446"")","-1","eug8","ObjectId(""5a386a4190789136ad075446"")","77","-1","scripterPopulation"
"ObjectId(""5a386c3890789136ad075449"")","232.050461066","eug6","ObjectId(""5a386c3890789136ad075449"")","-1","-1","scripterActivity"
"ObjectId(""5a386eb690789136ad07544c"")","-1","eug16","ObjectId(""5a386eb690789136ad07544c"")","-1","0.383835300497","scripterResponse"
"ObjectId(""5a386f9890789136ad07544d"")","-1","eug10","ObjectId(""5a386f9890789136ad07544d"")","-1",0,"scripterResponse"
"ObjectId(""5a38714990789136ad075450"")","-1","eug8","ObjectId(""5a38714990789136ad075450"")","-1",0,"scripterResponse"
"ObjectId(""5a38734190789136ad075453"")","-1","eug6","ObjectId(""5a38734190789136ad075453"")","269","-1","scripterPopulation"
"ObjectId(""5a3875bf90789136ad075456"")","176.123046875","eug16","ObjectId(""5a3875bf90789136ad075456"")","-1","-1","scripterActivity"
"ObjectId(""5a3876a090789136ad075457"")","135.907451923","eug10","ObjectId(""5a3876a090789136ad075457"")","-1","-1","scripterActivity"
"ObjectId(""5a38785190789136ad07545a"")","179.250529661","eug8","ObjectId(""5a38785190789136ad07545a"")","-1","-1","scripterActivity"
"ObjectId(""5a387a4990789136ad07545d"")","-1","eug6","ObjectId(""5a387a4990789136ad07545d"")","-1",0,"scripterResponse"
"ObjectId(""5a387cc790789136ad075460"")","-1","eug16","ObjectId(""5a387cc790789136ad075460"")","14","-1","scripterPopulation"
"ObjectId(""5a387da990789136ad075461"")","-1","eug10","ObjectId(""5a387da990789136ad075461"")","23","-1","scripterPopulation"
"ObjectId(""5a387f5990789136ad075464"")","-1","eug8","ObjectId(""5a387f5990789136ad075464"")","58","-1","scripterPopulation"
"ObjectId(""5a38815290789136ad075467"")","205.97541841","eug6","ObjectId(""5a38815290789136ad075467"")","-1","-1","scripterActivity"
"ObjectId(""5a3883d090789136ad07546a"")","-1","eug16","ObjectId(""5a3883d090789136ad07546a"")","-1",0,"scripterResponse"
"ObjectId(""5a3884b290789136ad07546b"")","-1","eug10","ObjectId(""5a3884b290789136ad07546b"")","-1","0.0758862895454","scripterResponse"
"ObjectId(""5a38866190789136ad07546e"")","-1","eug8","ObjectId(""5a38866190789136ad07546e"")","-1",0,"scripterResponse"
"ObjectId(""5a38885a90789136ad075471"")","-1","eug6","ObjectId(""5a38885a90789136ad075471"")","268","-1","scripterPopulation"
"ObjectId(""5a388ad990789136ad075474"")","161.041666667","eug16","ObjectId(""5a388ad990789136ad075474"")","-1","-1","scripterActivity"
"ObjectId(""5a388bba90789136ad075475"")","178.9453125","eug10","ObjectId(""5a388bba90789136ad075475"")","-1","-1","scripterActivity"
"ObjectId(""5a388d6990789136ad075478"")","173.82127193","eug8","ObjectId(""5a388d6990789136ad075478"")","-1","-1","scripterActivity"
"ObjectId(""5a388f6390789136ad07547b"")","-1","eug6","ObjectId(""5a388f6390789136ad07547b"")","-1",0,"scripterResponse"
"ObjectId(""5a3891e190789136ad07547e"")","-1","eug16","ObjectId(""5a3891e190789136ad07547e"")","16","-1","scripterPopulation"
"ObjectId(""5a3892c290789136ad07547f"")","-1","eug10","ObjectId(""5a3892c290789136ad07547f"")","23","-1","scripterPopulation"
"ObjectId(""5a38947290789136ad075482"")","-1","eug8","ObjectId(""5a38947290789136ad075482"")","55","-1","scripterPopulation"
"ObjectId(""5a38966b90789136ad075485"")","211.890076754","eug6","ObjectId(""5a38966b90789136ad075485"")","-1","-1","scripterActivity"
"ObjectId(""5a3898ea90789136ad075488"")","-1","eug16","ObjectId(""5a3898ea90789136ad075488"")","-1","0.540549072482","scripterResponse"
"ObjectId(""5a3899cb90789136ad075489"")","-1","eug10","ObjectId(""5a3899cb90789136ad075489"")","-1",0,"scripterResponse"
"ObjectId(""5a389b7a90789136ad07548c"")","-1","eug8","ObjectId(""5a389b7a90789136ad07548c"")","-1",0,"scripterResponse"
"ObjectId(""5a389d7490789136ad07548f"")","-1","eug6","ObjectId(""5a389d7490789136ad07548f"")","232","-1","scripterPopulation"
"ObjectId(""5a389ff290789136ad075492"")","162.620192308","eug16","ObjectId(""5a389ff290789136ad075492"")","-1","-1","scripterActivity"
"ObjectId(""5a38a0d490789136ad075493"")","130.345394737","eug10","ObjectId(""5a38a0d490789136ad075493"")","-1","-1","scripterActivity"
"ObjectId(""5a38a28290789136ad075496"")","174.156746032","eug8","ObjectId(""5a38a28290789136ad075496"")","-1","-1","scripterActivity"
"ObjectId(""5a38a47d90789136ad075499"")","-1","eug6","ObjectId(""5a38a47d90789136ad075499"")","-1",0,"scripterResponse"
"ObjectId(""5a38a6fb90789136ad07549c"")","-1","eug16","ObjectId(""5a38a6fb90789136ad07549c"")","15","-1","scripterPopulation"
"ObjectId(""5a38a7dc90789136ad07549d"")","-1","eug10","ObjectId(""5a38a7dc90789136ad07549d"")","19","-1","scripterPopulation"
"ObjectId(""5a38a98b90789136ad0754a0"")","-1","eug8","ObjectId(""5a38a98b90789136ad0754a0"")","54","-1","scripterPopulation"
"ObjectId(""5a38ab8590789136ad0754a3"")","201.379788306","eug6","ObjectId(""5a38ab8590789136ad0754a3"")","-1","-1","scripterActivity"
"ObjectId(""5a38ae0490789136ad0754a6"")","-1","eug16","ObjectId(""5a38ae0490789136ad0754a6"")","-1","0.495900712179","scripterResponse"
"ObjectId(""5a38aee590789136ad0754a7"")","-1","eug10","ObjectId(""5a38aee590789136ad0754a7"")","-1",0,"scripterResponse"
"ObjectId(""5a38b09390789136ad0754aa"")","-1","eug8","ObjectId(""5a38b09390789136ad0754aa"")","-1",0,"scripterResponse"
"ObjectId(""5a38b28e90789136ad0754ad"")","-1","eug6","ObjectId(""5a38b28e90789136ad0754ad"")","237","-1","scripterPopulation"
"ObjectId(""5a38b50c90789136ad0754b0"")","147.699652778","eug16","ObjectId(""5a38b50c90789136ad0754b0"")","-1","-1","scripterActivity"
"ObjectId(""5a38b5ee90789136ad0754b1"")","154.851973684","eug10","ObjectId(""5a38b5ee90789136ad0754b1"")","-1","-1","scripterActivity"
"ObjectId(""5a38b79b90789136ad0754b4"")","169.822303922","eug8","ObjectId(""5a38b79b90789136ad0754b4"")","-1","-1","scripterActivity"
"ObjectId(""5a38b99790789136ad0754b7"")","-1","eug6","ObjectId(""5a38b99790789136ad0754b7"")","-1",0,"scripterResponse"
"ObjectId(""5a38bc1590789136ad0754ba"")","-1","eug16","ObjectId(""5a38bc1590789136ad0754ba"")","18","-1","scripterPopulation"
"ObjectId(""5a38bcf690789136ad0754bb"")","-1","eug10","ObjectId(""5a38bcf690789136ad0754bb"")","13","-1","scripterPopulation"
"ObjectId(""5a38bea390789136ad0754be"")","-1","eug8","ObjectId(""5a38bea390789136ad0754be"")","64","-1","scripterPopulation"
"ObjectId(""5a38c09f90789136ad0754c1"")","221.494831699","eug6","ObjectId(""5a38c09f90789136ad0754c1"")","-1","-1","scripterActivity"
"ObjectId(""5a38c31d90789136ad0754c4"")","-1","eug16","ObjectId(""5a38c31d90789136ad0754c4"")","-1","0.350724700848","scripterResponse"
"ObjectId(""5a38c3ff90789136ad0754c5"")","-1","eug10","ObjectId(""5a38c3ff90789136ad0754c5"")","-1",0,"scripterResponse"
"ObjectId(""5a38c5ab90789136ad0754c8"")","-1","eug8","ObjectId(""5a38c5ab90789136ad0754c8"")","-1",0,"scripterResponse"
"ObjectId(""5a38c7a790789136ad0754cb"")","-1","eug6","ObjectId(""5a38c7a790789136ad0754cb"")","252","-1","scripterPopulation"
"ObjectId(""5a38ca2690789136ad0754ce"")","149.392361111","eug16","ObjectId(""5a38ca2690789136ad0754ce"")","-1","-1","scripterActivity"
"ObjectId(""5a38cb0790789136ad0754cf"")","145.625","eug10","ObjectId(""5a38cb0790789136ad0754cf"")","-1","-1","scripterActivity"
"ObjectId(""5a38ccb490789136ad0754d2"")","161.240671642","eug8","ObjectId(""5a38ccb490789136ad0754d2"")","-1","-1","scripterActivity"
"ObjectId(""5a38ceaf90789136ad0754d5"")","-1","eug6","ObjectId(""5a38ceaf90789136ad0754d5"")","-1",0,"scripterResponse"
"ObjectId(""5a38d12e90789136ad0754d8"")","-1","eug16","ObjectId(""5a38d12e90789136ad0754d8"")","20","-1","scripterPopulation"
"ObjectId(""5a38d21090789136ad0754d9"")","-1","eug10","ObjectId(""5a38d21090789136ad0754d9"")","14","-1","scripterPopulation"
"ObjectId(""5a38d3bc90789136ad0754dc"")","-1","eug8","ObjectId(""5a38d3bc90789136ad0754dc"")","69","-1","scripterPopulation"
"ObjectId(""5a38d5b790789136ad0754df"")","234.127721721","eug6","ObjectId(""5a38d5b790789136ad0754df"")","-1","-1","scripterActivity"
"ObjectId(""5a38d83790789136ad0754e2"")","-1","eug16","ObjectId(""5a38d83790789136ad0754e2"")","-1","0.361788851123","scripterResponse"
"ObjectId(""5a38d91990789136ad0754e3"")","-1","eug10","ObjectId(""5a38d91990789136ad0754e3"")","-1",0,"scripterResponse"
"ObjectId(""5a38dac490789136ad0754e6"")","-1","eug8","ObjectId(""5a38dac490789136ad0754e6"")","-1",0,"scripterResponse"
"ObjectId(""5a38dcc090789136ad0754e9"")","-1","eug6","ObjectId(""5a38dcc090789136ad0754e9"")","244","-1","scripterPopulation"
"ObjectId(""5a38df3f90789136ad0754ec"")","136.534926471","eug16","ObjectId(""5a38df3f90789136ad0754ec"")","-1","-1","scripterActivity"
"ObjectId(""5a38e02190789136ad0754ed"")","150.5859375","eug10","ObjectId(""5a38e02190789136ad0754ed"")","-1","-1","scripterActivity"
"ObjectId(""5a38e1cc90789136ad0754f0"")","165.999348958","eug8","ObjectId(""5a38e1cc90789136ad0754f0"")","-1","-1","scripterActivity"
"ObjectId(""5a38e3c990789136ad0754f3"")","-1","eug6","ObjectId(""5a38e3c990789136ad0754f3"")","-1",0,"scripterResponse"
"ObjectId(""5a38e64890789136ad0754f6"")","-1","eug16","ObjectId(""5a38e64890789136ad0754f6"")","15","-1","scripterPopulation"
"ObjectId(""5a38e72990789136ad0754f7"")","-1","eug10","ObjectId(""5a38e72990789136ad0754f7"")","17","-1","scripterPopulation"
"ObjectId(""5a38e8d590789136ad0754fa"")","-1","eug8","ObjectId(""5a38e8d590789136ad0754fa"")","62","-1","scripterPopulation"
"ObjectId(""5a38ead190789136ad0754fd"")","216.681985294","eug6","ObjectId(""5a38ead190789136ad0754fd"")","-1","-1","scripterActivity"
"ObjectId(""5a38ed5190789136ad075500"")","-1","eug16","ObjectId(""5a38ed5190789136ad075500"")","-1",0,"scripterResponse"
"ObjectId(""5a38ee3290789136ad075501"")","-1","eug10","ObjectId(""5a38ee3290789136ad075501"")","-1",0,"scripterResponse"
"ObjectId(""5a38efdd90789136ad075504"")","-1","eug8","ObjectId(""5a38efdd90789136ad075504"")","-1",0,"scripterResponse"
"ObjectId(""5a38f1da90789136ad075507"")","-1","eug6","ObjectId(""5a38f1da90789136ad075507"")","288","-1","scripterPopulation"
"ObjectId(""5a38f45990789136ad07550a"")","238.28125","eug16","ObjectId(""5a38f45990789136ad07550a"")","-1","-1","scripterActivity"
"ObjectId(""5a38f53b90789136ad07550b"")","150.564236111","eug10","ObjectId(""5a38f53b90789136ad07550b"")","-1","-1","scripterActivity"
"ObjectId(""5a38f6e590789136ad07550e"")","159.595070423","eug8","ObjectId(""5a38f6e590789136ad07550e"")","-1","-1","scripterActivity"
"ObjectId(""5a38f8e390789136ad075511"")","-1","eug6","ObjectId(""5a38f8e390789136ad075511"")","-1",0,"scripterResponse"
"ObjectId(""5a38fb6290789136ad075514"")","-1","eug16","ObjectId(""5a38fb6290789136ad075514"")","24","-1","scripterPopulation"
"ObjectId(""5a38fc4390789136ad075515"")","-1","eug10","ObjectId(""5a38fc4390789136ad075515"")","20","-1","scripterPopulation"
"ObjectId(""5a38fded90789136ad075518"")","-1","eug8","ObjectId(""5a38fded90789136ad075518"")","57","-1","scripterPopulation"
"ObjectId(""5a38ffeb90789136ad07551b"")","230.860647394","eug6","ObjectId(""5a38ffeb90789136ad07551b"")","-1","-1","scripterActivity"
"ObjectId(""5a39026a90789136ad07551e"")","-1","eug16","ObjectId(""5a39026a90789136ad07551e"")","-1","0.107692697485","scripterResponse"
"ObjectId(""5a39034c90789136ad07551f"")","-1","eug10","ObjectId(""5a39034c90789136ad07551f"")","-1",0,"scripterResponse"
"ObjectId(""5a3904f590789136ad075522"")","-1","eug8","ObjectId(""5a3904f590789136ad075522"")","-1",0,"scripterResponse"
"ObjectId(""5a3906f390789136ad075525"")","-1","eug6","ObjectId(""5a3906f390789136ad075525"")","301","-1","scripterPopulation"
"ObjectId(""5a39097390789136ad075528"")","156.40625","eug16","ObjectId(""5a39097390789136ad075528"")","-1","-1","scripterActivity"
"ObjectId(""5a390a5490789136ad075529"")","161.439732143","eug10","ObjectId(""5a390a5490789136ad075529"")","-1","-1","scripterActivity"
"ObjectId(""5a390bfd90789136ad07552c"")","165.985576923","eug8","ObjectId(""5a390bfd90789136ad07552c"")","-1","-1","scripterActivity"
"ObjectId(""5a390dfc90789136ad07552f"")","-1","eug6","ObjectId(""5a390dfc90789136ad07552f"")","-1",0,"scripterResponse"
"ObjectId(""5a39107b90789136ad075532"")","-1","eug16","ObjectId(""5a39107b90789136ad075532"")","21","-1","scripterPopulation"
"ObjectId(""5a39115d90789136ad075533"")","-1","eug10","ObjectId(""5a39115d90789136ad075533"")","19","-1","scripterPopulation"
"ObjectId(""5a39130690789136ad075536"")","-1","eug8","ObjectId(""5a39130690789136ad075536"")","62","-1","scripterPopulation"
"ObjectId(""5a39150490789136ad075539"")","226.746171358","eug6","ObjectId(""5a39150490789136ad075539"")","-1","-1","scripterActivity"
"ObjectId(""5a39178490789136ad07553c"")","-1","eug16","ObjectId(""5a39178490789136ad07553c"")","-1","0.260851284402","scripterResponse"
"ObjectId(""5a39186590789136ad07553d"")","-1","eug10","ObjectId(""5a39186590789136ad07553d"")","-1",0,"scripterResponse"
"ObjectId(""5a391a0e90789136ad075540"")","-1","eug8","ObjectId(""5a391a0e90789136ad075540"")","-1",0,"scripterResponse"
"ObjectId(""5a391c0d90789136ad075543"")","-1","eug6","ObjectId(""5a391c0d90789136ad075543"")","288","-1","scripterPopulation"
"ObjectId(""5a391e8c90789136ad075546"")","138.715277778","eug16","ObjectId(""5a391e8c90789136ad075546"")","-1","-1","scripterActivity"
"ObjectId(""5a391f6e90789136ad075547"")","178.831845238","eug10","ObjectId(""5a391f6e90789136ad075547"")","-1","-1","scripterActivity"
"ObjectId(""5a39211690789136ad07554a"")","161.613581731","eug8","ObjectId(""5a39211690789136ad07554a"")","-1","-1","scripterActivity"
"ObjectId(""5a39231690789136ad07554d"")","-1","eug6","ObjectId(""5a39231690789136ad07554d"")","-1",0,"scripterResponse"
"ObjectId(""5a39259590789136ad075550"")","-1","eug16","ObjectId(""5a39259590789136ad075550"")","18","-1","scripterPopulation"
"ObjectId(""5a39267690789136ad075551"")","-1","eug10","ObjectId(""5a39267690789136ad075551"")","14","-1","scripterPopulation"
"ObjectId(""5a39281e90789136ad075554"")","-1","eug8","ObjectId(""5a39281e90789136ad075554"")","58","-1","scripterPopulation"
"ObjectId(""5a392a1f90789136ad075557"")","236.651266611","eug6","ObjectId(""5a392a1f90789136ad075557"")","-1","-1","scripterActivity"
"ObjectId(""5a392c9d90789136ad07555a"")","-1","eug16","ObjectId(""5a392c9d90789136ad07555a"")","-1","0.368124299716","scripterResponse"
"ObjectId(""5a392d7f90789136ad07555b"")","-1","eug10","ObjectId(""5a392d7f90789136ad07555b"")","-1",0,"scripterResponse"
"ObjectId(""5a392f2790789136ad07555e"")","-1","eug8","ObjectId(""5a392f2790789136ad07555e"")","-1",0,"scripterResponse"
"ObjectId(""5a39312790789136ad075561"")","-1","eug6","ObjectId(""5a39312790789136ad075561"")","293","-1","scripterPopulation"
"ObjectId(""5a3933a690789136ad075564"")","147.794117647","eug16","ObjectId(""5a3933a690789136ad075564"")","-1","-1","scripterActivity"
"ObjectId(""5a39348790789136ad075565"")","191.820276498","eug10","ObjectId(""5a39348790789136ad075565"")","-1","-1","scripterActivity"
"ObjectId(""5a39362f90789136ad075568"")","158.705357143","eug8","ObjectId(""5a39362f90789136ad075568"")","-1","-1","scripterActivity"
"ObjectId(""5a39383090789136ad07556b"")","-1","eug6","ObjectId(""5a39383090789136ad07556b"")","-1",0,"scripterResponse"
"ObjectId(""5a393aae90789136ad07556e"")","-1","eug16","ObjectId(""5a393aae90789136ad07556e"")","21","-1","scripterPopulation"
"ObjectId(""5a393b8f90789136ad07556f"")","-1","eug10","ObjectId(""5a393b8f90789136ad07556f"")","20","-1","scripterPopulation"
"ObjectId(""5a393d3790789136ad075572"")","-1","eug8","ObjectId(""5a393d3790789136ad075572"")","41","-1","scripterPopulation"
"ObjectId(""5a393f3890789136ad075575"")","224.205395299","eug6","ObjectId(""5a393f3890789136ad075575"")","-1","-1","scripterActivity"
"ObjectId(""5a3941b790789136ad075578"")","-1","eug16","ObjectId(""5a3941b790789136ad075578"")","-1","0.123843750638","scripterResponse"
"ObjectId(""5a39429890789136ad075579"")","-1","eug10","ObjectId(""5a39429890789136ad075579"")","-1",0,"scripterResponse"
"ObjectId(""5a39444090789136ad07557c"")","-1","eug8","ObjectId(""5a39444090789136ad07557c"")","-1",0,"scripterResponse"
"ObjectId(""5a39464190789136ad07557f"")","-1","eug6","ObjectId(""5a39464190789136ad07557f"")","246","-1","scripterPopulation"
"ObjectId(""5a3948bf90789136ad075582"")","155.007102273","eug16","ObjectId(""5a3948bf90789136ad075582"")","-1","-1","scripterActivity"
"ObjectId(""5a3949a090789136ad075583"")","185.15625","eug10","ObjectId(""5a3949a090789136ad075583"")","-1","-1","scripterActivity"
"ObjectId(""5a394b4890789136ad075586"")","165.582386364","eug8","ObjectId(""5a394b4890789136ad075586"")","-1","-1","scripterActivity"
"ObjectId(""5a394d4a90789136ad075589"")","-1","eug6","ObjectId(""5a394d4a90789136ad075589"")","-1",0,"scripterResponse"
"ObjectId(""5a394fc890789136ad07558c"")","-1","eug16","ObjectId(""5a394fc890789136ad07558c"")","17","-1","scripterPopulation"
"ObjectId(""5a3950a990789136ad07558d"")","-1","eug10","ObjectId(""5a3950a990789136ad07558d"")","16","-1","scripterPopulation"
"ObjectId(""5a39525090789136ad075590"")","-1","eug8","ObjectId(""5a39525090789136ad075590"")","47","-1","scripterPopulation"
"ObjectId(""5a39545290789136ad075593"")","226.954467354","eug6","ObjectId(""5a39545290789136ad075593"")","-1","-1","scripterActivity"
"ObjectId(""5a3956d090789136ad075596"")","-1","eug16","ObjectId(""5a3956d090789136ad075596"")","-1","0.26623350116","scripterResponse"
"ObjectId(""5a3957b290789136ad075597"")","-1","eug10","ObjectId(""5a3957b290789136ad075597"")","-1","0.0319028161651","scripterResponse"
"ObjectId(""5a39595990789136ad07559a"")","-1","eug8","ObjectId(""5a39595990789136ad07559a"")","-1",0,"scripterResponse"
"ObjectId(""5a395b5b90789136ad07559d"")","-1","eug6","ObjectId(""5a395b5b90789136ad07559d"")","329","-1","scripterPopulation"
"ObjectId(""5a395dd990789136ad0755a0"")","152.473958333","eug16","ObjectId(""5a395dd990789136ad0755a0"")","-1","-1","scripterActivity"
"ObjectId(""5a395ebb90789136ad0755a1"")","169.205729167","eug10","ObjectId(""5a395ebb90789136ad0755a1"")","-1","-1","scripterActivity"
"ObjectId(""5a39606190789136ad0755a4"")","157.314116379","eug8","ObjectId(""5a39606190789136ad0755a4"")","-1","-1","scripterActivity"
"ObjectId(""5a39626490789136ad0755a7"")","-1","eug6","ObjectId(""5a39626490789136ad0755a7"")","-1",0,"scripterResponse"
"ObjectId(""5a3964e290789136ad0755aa"")","-1","eug16","ObjectId(""5a3964e290789136ad0755aa"")","21","-1","scripterPopulation"
"ObjectId(""5a3965c390789136ad0755ab"")","-1","eug10","ObjectId(""5a3965c390789136ad0755ab"")","17","-1","scripterPopulation"
"ObjectId(""5a39676990789136ad0755ae"")","-1","eug8","ObjectId(""5a39676990789136ad0755ae"")","56","-1","scripterPopulation"
"ObjectId(""5a3967f490789136ad0755b0"")","-1","eug6","ObjectId(""5a3967f490789136ad0755b0"")","-1","-1","shirishgoyal"
"ObjectId(""5a39685c90789136ad0755b1"")","-1","eug8","ObjectId(""5a39685c90789136ad0755b1"")","-1","-1","shirishgoyal"
"ObjectId(""5a3968c090789136ad0755b2"")","-1","eug10","ObjectId(""5a3968c090789136ad0755b2"")","-1","-1","shirishgoyal"
"ObjectId(""5a39691490789136ad0755b3"")","-1","eug16","ObjectId(""5a39691490789136ad0755b3"")","-1","-1","shirishgoyal"
"ObjectId(""5a39696d90789136ad0755b5"")","208.528013754","eug6","ObjectId(""5a39696d90789136ad0755b5"")","-1","-1","scripterActivity"
"ObjectId(""5a396bea90789136ad0755b8"")","-1","eug16","ObjectId(""5a396bea90789136ad0755b8"")","-1","0.754200282873","scripterResponse"
"ObjectId(""5a396ccc90789136ad0755b9"")","-1","eug10","ObjectId(""5a396ccc90789136ad0755b9"")","-1",0,"scripterResponse"
"ObjectId(""5a396e7190789136ad0755bc"")","-1","eug8","ObjectId(""5a396e7190789136ad0755bc"")","-1",0,"scripterResponse"
"ObjectId(""5a396e9190789136ad0755bd"")","-1","eug6","ObjectId(""5a396e9190789136ad0755bd"")","-1","-1","peterwashington"
"ObjectId(""5a396ef890789136ad0755c1"")","-1","eug8","ObjectId(""5a396ef890789136ad0755c1"")","-1","-1","peterwashington"
"ObjectId(""5a396f4b90789136ad0755c2"")","-1","eug10","ObjectId(""5a396f4b90789136ad0755c2"")","-1","-1","peterwashington"
"ObjectId(""5a396f9d90789136ad0755c3"")","-1","eug16","ObjectId(""5a396f9d90789136ad0755c3"")","-1","-1","peterwashington"
"ObjectId(""5a39707590789136ad0755c5"")","-1","eug6","ObjectId(""5a39707590789136ad0755c5"")","294","-1","scripterPopulation"
"ObjectId(""5a3972f290789136ad0755c8"")","159.423828125","eug16","ObjectId(""5a3972f290789136ad0755c8"")","-1","-1","scripterActivity"
"ObjectId(""5a3973d490789136ad0755c9"")","187.413194444","eug10","ObjectId(""5a3973d490789136ad0755c9"")","-1","-1","scripterActivity"
"ObjectId(""5a39757a90789136ad0755cc"")","172.154017857","eug8","ObjectId(""5a39757a90789136ad0755cc"")","-1","-1","scripterActivity"
"ObjectId(""5a39777e90789136ad0755cf"")","-1","eug6","ObjectId(""5a39777e90789136ad0755cf"")","-1",0,"scripterResponse"
"ObjectId(""5a39796390789136ad0755d2"")","-1","eug6","ObjectId(""5a39796390789136ad0755d2"")","-1","-1","shirishgoyal"
"ObjectId(""5a3979be90789136ad0755d3"")","-1","eug8","ObjectId(""5a3979be90789136ad0755d3"")","-1","-1","shirishgoyal"
"ObjectId(""5a3979fb90789136ad0755d4"")","-1","eug16","ObjectId(""5a3979fb90789136ad0755d4"")","20","-1","scripterPopulation"
"ObjectId(""5a397a1e90789136ad0755d5"")","-1","eug10","ObjectId(""5a397a1e90789136ad0755d5"")","-1","-1","shirishgoyal"
"ObjectId(""5a397a3990789136ad0755d6"")","-1","eug10","ObjectId(""5a397a3990789136ad0755d6"")","-1","-1","shirishgoyal"
"ObjectId(""5a397a9190789136ad0755d7"")","-1","eug16","ObjectId(""5a397a9190789136ad0755d7"")","-1","-1","shirishgoyal"
"ObjectId(""5a397adc90789136ad0755d8"")","-1","eug10","ObjectId(""5a397adc90789136ad0755d8"")","20","-1","scripterPopulation"
"ObjectId(""5a397c8290789136ad0755db"")","-1","eug8","ObjectId(""5a397c8290789136ad0755db"")","49","-1","scripterPopulation"
"ObjectId(""5a397e8690789136ad0755de"")","235.560161565","eug6","ObjectId(""5a397e8690789136ad0755de"")","-1","-1","scripterActivity"
"ObjectId(""5a39810390789136ad0755e1"")","-1","eug16","ObjectId(""5a39810390789136ad0755e1"")","-1","0.395066063012","scripterResponse"
"ObjectId(""5a3981e590789136ad0755e2"")","-1","eug10","ObjectId(""5a3981e590789136ad0755e2"")","-1",0,"scripterResponse"
"ObjectId(""5a39838a90789136ad0755e5"")","-1","eug8","ObjectId(""5a39838a90789136ad0755e5"")","-1",0,"scripterResponse"
"ObjectId(""5a39840490789136ad0755e7"")","-1","eug6","ObjectId(""5a39840490789136ad0755e7"")","-1","-1","shirishgoyal"
"ObjectId(""5a39847d90789136ad0755e8"")","-1","eug8","ObjectId(""5a39847d90789136ad0755e8"")","-1","-1","shirishgoyal"
"ObjectId(""5a3984d290789136ad0755e9"")","-1","eug10","ObjectId(""5a3984d290789136ad0755e9"")","-1","-1","shirishgoyal"
"ObjectId(""5a39852c90789136ad0755ea"")","-1","eug16","ObjectId(""5a39852c90789136ad0755ea"")","-1","-1","shirishgoyal"
"ObjectId(""5a39858f90789136ad0755ec"")","-1","eug6","ObjectId(""5a39858f90789136ad0755ec"")","273","-1","scripterPopulation"
"ObjectId(""5a39880c90789136ad0755ef"")","180.208333333","eug16","ObjectId(""5a39880c90789136ad0755ef"")","-1","-1","scripterActivity"
"ObjectId(""5a3988ee90789136ad0755f0"")","171.701388889","eug10","ObjectId(""5a3988ee90789136ad0755f0"")","-1","-1","scripterActivity"
"ObjectId(""5a398a9390789136ad0755f3"")","159.619140625","eug8","ObjectId(""5a398a9390789136ad0755f3"")","-1","-1","scripterActivity"
"ObjectId(""5a398c9890789136ad0755f6"")","-1","eug6","ObjectId(""5a398c9890789136ad0755f6"")","-1",0,"scripterResponse"
"ObjectId(""5a398f1590789136ad0755f9"")","-1","eug16","ObjectId(""5a398f1590789136ad0755f9"")","20","-1","scripterPopulation"
"ObjectId(""5a398ff690789136ad0755fa"")","-1","eug10","ObjectId(""5a398ff690789136ad0755fa"")","16","-1","scripterPopulation"
"ObjectId(""5a39919b90789136ad0755fd"")","-1","eug8","ObjectId(""5a39919b90789136ad0755fd"")","45","-1","scripterPopulation"
"ObjectId(""5a3993a090789136ad075600"")","223.796106557","eug6","ObjectId(""5a3993a090789136ad075600"")","-1","-1","scripterActivity"
"ObjectId(""5a39961d90789136ad075603"")","-1","eug16","ObjectId(""5a39961d90789136ad075603"")","-1","0.046202417793","scripterResponse"
"ObjectId(""5a3996fe90789136ad075604"")","-1","eug10","ObjectId(""5a3996fe90789136ad075604"")","-1",0,"scripterResponse"
"ObjectId(""5a3998a390789136ad075607"")","-1","eug8","ObjectId(""5a3998a390789136ad075607"")","-1",0,"scripterResponse"
"ObjectId(""5a399aa990789136ad07560a"")","-1","eug6","ObjectId(""5a399aa990789136ad07560a"")","313","-1","scripterPopulation"
"ObjectId(""5a399d2690789136ad07560d"")","168.572443182","eug16","ObjectId(""5a399d2690789136ad07560d"")","-1","-1","scripterActivity"
"ObjectId(""5a399e0690789136ad07560e"")","171.205357143","eug10","ObjectId(""5a399e0690789136ad07560e"")","-1","-1","scripterActivity"
"ObjectId(""5a399fac90789136ad075611"")","175.235849057","eug8","ObjectId(""5a399fac90789136ad075611"")","-1","-1","scripterActivity"
"ObjectId(""5a39a1b290789136ad075614"")","-1","eug6","ObjectId(""5a39a1b290789136ad075614"")","-1",0,"scripterResponse"
"ObjectId(""5a39a42e90789136ad075617"")","-1","eug16","ObjectId(""5a39a42e90789136ad075617"")","14","-1","scripterPopulation"
"ObjectId(""5a39a50f90789136ad075618"")","-1","eug10","ObjectId(""5a39a50f90789136ad075618"")","15","-1","scripterPopulation"
"ObjectId(""5a39a6b490789136ad07561b"")","-1","eug8","ObjectId(""5a39a6b490789136ad07561b"")","63","-1","scripterPopulation"
"ObjectId(""5a39a8ba90789136ad07561e"")","228.674051858","eug6","ObjectId(""5a39a8ba90789136ad07561e"")","-1","-1","scripterActivity"
"ObjectId(""5a39ab3790789136ad075621"")","-1","eug16","ObjectId(""5a39ab3790789136ad075621"")","-1","0.773114942313","scripterResponse"
"ObjectId(""5a39ac1890789136ad075622"")","-1","eug10","ObjectId(""5a39ac1890789136ad075622"")","-1",0,"scripterResponse"
"ObjectId(""5a39adbc90789136ad075625"")","-1","eug8","ObjectId(""5a39adbc90789136ad075625"")","-1",0,"scripterResponse"
"ObjectId(""5a39afc390789136ad075629"")","-1","eug6","ObjectId(""5a39afc390789136ad075629"")","306","-1","scripterPopulation"
"ObjectId(""5a39b24090789136ad07562c"")","169.196428571","eug16","ObjectId(""5a39b24090789136ad07562c"")","-1","-1","scripterActivity"
"ObjectId(""5a39b32190789136ad07562d"")","179.150390625","eug10","ObjectId(""5a39b32190789136ad07562d"")","-1","-1","scripterActivity"
"ObjectId(""5a39b4c590789136ad075630"")","157.922149123","eug8","ObjectId(""5a39b4c590789136ad075630"")","-1","-1","scripterActivity"
"ObjectId(""5a39b6cc90789136ad075633"")","-1","eug6","ObjectId(""5a39b6cc90789136ad075633"")","-1",0,"scripterResponse"
"ObjectId(""5a39b94890789136ad075636"")","-1","eug16","ObjectId(""5a39b94890789136ad075636"")","15","-1","scripterPopulation"
"ObjectId(""5a39ba2990789136ad075637"")","-1","eug10","ObjectId(""5a39ba2990789136ad075637"")","16","-1","scripterPopulation"
"ObjectId(""5a39bbcd90789136ad07563a"")","-1","eug8","ObjectId(""5a39bbcd90789136ad07563a"")","57","-1","scripterPopulation"
"ObjectId(""5a39bdd490789136ad07563d"")","218.932038835","eug6","ObjectId(""5a39bdd490789136ad07563d"")","-1","-1","scripterActivity"
"ObjectId(""5a39c05190789136ad075640"")","-1","eug16","ObjectId(""5a39c05190789136ad075640"")","-1","0.858438239207","scripterResponse"
"ObjectId(""5a39c13190789136ad075641"")","-1","eug10","ObjectId(""5a39c13190789136ad075641"")","-1",0,"scripterResponse"
"ObjectId(""5a39c2d590789136ad075644"")","-1","eug8","ObjectId(""5a39c2d590789136ad075644"")","-1",0,"scripterResponse"
"ObjectId(""5a39c4dd90789136ad075647"")","-1","eug6","ObjectId(""5a39c4dd90789136ad075647"")","312","-1","scripterPopulation"
"ObjectId(""5a39c75a90789136ad07564a"")","149.964488636","eug16","ObjectId(""5a39c75a90789136ad07564a"")","-1","-1","scripterActivity"
"ObjectId(""5a39c83990789136ad07564b"")","144.84375","eug10","ObjectId(""5a39c83990789136ad07564b"")","-1","-1","scripterActivity"
"ObjectId(""5a39c9de90789136ad07564e"")","156.712962963","eug8","ObjectId(""5a39c9de90789136ad07564e"")","-1","-1","scripterActivity"
"ObjectId(""5a39cbe590789136ad075651"")","-1","eug6","ObjectId(""5a39cbe590789136ad075651"")","-1",0,"scripterResponse"
"ObjectId(""5a39ce6290789136ad075654"")","-1","eug16","ObjectId(""5a39ce6290789136ad075654"")","18","-1","scripterPopulation"
"ObjectId(""5a39cf4290789136ad075655"")","-1","eug10","ObjectId(""5a39cf4290789136ad075655"")","15","-1","scripterPopulation"
"ObjectId(""5a39d0e690789136ad075658"")","-1","eug8","ObjectId(""5a39d0e690789136ad075658"")","56","-1","scripterPopulation"
"ObjectId(""5a39d2ee90789136ad07565b"")","211.279713824","eug6","ObjectId(""5a39d2ee90789136ad07565b"")","-1","-1","scripterActivity"
"ObjectId(""5a39d56b90789136ad07565e"")","-1","eug16","ObjectId(""5a39d56b90789136ad07565e"")","-1","0.00656164438813","scripterResponse"
"ObjectId(""5a39d64b90789136ad07565f"")","-1","eug10","ObjectId(""5a39d64b90789136ad07565f"")","-1",0,"scripterResponse"
"ObjectId(""5a39d7ee90789136ad075662"")","-1","eug8","ObjectId(""5a39d7ee90789136ad075662"")","-1",0,"scripterResponse"
"ObjectId(""5a39d9f690789136ad075665"")","-1","eug6","ObjectId(""5a39d9f690789136ad075665"")","309","-1","scripterPopulation"
"ObjectId(""5a39dc7490789136ad075668"")","184.821428571","eug16","ObjectId(""5a39dc7490789136ad075668"")","-1","-1","scripterActivity"
"ObjectId(""5a39dd5390789136ad075669"")","175.9765625","eug10","ObjectId(""5a39dd5390789136ad075669"")","-1","-1","scripterActivity"
"ObjectId(""5a39def690789136ad07566c"")","184.537146226","eug8","ObjectId(""5a39def690789136ad07566c"")","-1","-1","scripterActivity"
"ObjectId(""5a39e0ff90789136ad07566f"")","-1","eug6","ObjectId(""5a39e0ff90789136ad07566f"")","-1",0,"scripterResponse"
"ObjectId(""5a39e37c90789136ad075672"")","-1","eug16","ObjectId(""5a39e37c90789136ad075672"")","21","-1","scripterPopulation"
"ObjectId(""5a39e45b90789136ad075673"")","-1","eug10","ObjectId(""5a39e45b90789136ad075673"")","14","-1","scripterPopulation"
"ObjectId(""5a39e5fe90789136ad075676"")","-1","eug8","ObjectId(""5a39e5fe90789136ad075676"")","54","-1","scripterPopulation"
"ObjectId(""5a39e80790789136ad075679"")","213.751446759","eug6","ObjectId(""5a39e80790789136ad075679"")","-1","-1","scripterActivity"
"ObjectId(""5a39ea8590789136ad07567c"")","-1","eug16","ObjectId(""5a39ea8590789136ad07567c"")","-1","0.0272543490598","scripterResponse"
"ObjectId(""5a39eb6490789136ad07567d"")","-1","eug10","ObjectId(""5a39eb6490789136ad07567d"")","-1",0,"scripterResponse"
"ObjectId(""5a39ed0790789136ad075680"")","-1","eug8","ObjectId(""5a39ed0790789136ad075680"")","-1",0,"scripterResponse"
"ObjectId(""5a39ef1090789136ad075683"")","-1","eug6","ObjectId(""5a39ef1090789136ad075683"")","334","-1","scripterPopulation"
"ObjectId(""5a39f18d90789136ad075686"")","165.703125","eug16","ObjectId(""5a39f18d90789136ad075686"")","-1","-1","scripterActivity"
"ObjectId(""5a39f26d90789136ad075687"")","163.950892857","eug10","ObjectId(""5a39f26d90789136ad075687"")","-1","-1","scripterActivity"
"ObjectId(""5a39f40f90789136ad07568a"")","170.564516129","eug8","ObjectId(""5a39f40f90789136ad07568a"")","-1","-1","scripterActivity"
"ObjectId(""5a39f61990789136ad07568d"")","-1","eug6","ObjectId(""5a39f61990789136ad07568d"")","-1",0,"scripterResponse"
"ObjectId(""5a39f89690789136ad075690"")","-1","eug16","ObjectId(""5a39f89690789136ad075690"")","11","-1","scripterPopulation"
"ObjectId(""5a39f97590789136ad075691"")","-1","eug10","ObjectId(""5a39f97590789136ad075691"")","10","-1","scripterPopulation"
"ObjectId(""5a39fb1790789136ad075694"")","-1","eug8","ObjectId(""5a39fb1790789136ad075694"")","63","-1","scripterPopulation"
"ObjectId(""5a39fd2190789136ad075697"")","221.713999155","eug6","ObjectId(""5a39fd2190789136ad075697"")","-1","-1","scripterActivity"
"ObjectId(""5a39ff9f90789136ad07569a"")","-1","eug16","ObjectId(""5a39ff9f90789136ad07569a"")","-1","0.3767023297","scripterResponse"
"ObjectId(""5a3a007e90789136ad07569b"")","-1","eug10","ObjectId(""5a3a007e90789136ad07569b"")","-1",0,"scripterResponse"
"ObjectId(""5a3a021f90789136ad07569e"")","-1","eug8","ObjectId(""5a3a021f90789136ad07569e"")","-1",0,"scripterResponse"
"ObjectId(""5a3a042a90789136ad0756a1"")","-1","eug6","ObjectId(""5a3a042a90789136ad0756a1"")","288","-1","scripterPopulation"
"ObjectId(""5a3a06a790789136ad0756a4"")","141.875","eug16","ObjectId(""5a3a06a790789136ad0756a4"")","-1","-1","scripterActivity"
"ObjectId(""5a3a078690789136ad0756a5"")","184.548611111","eug10","ObjectId(""5a3a078690789136ad0756a5"")","-1","-1","scripterActivity"
"ObjectId(""5a3a092890789136ad0756a8"")","162.96875","eug8","ObjectId(""5a3a092890789136ad0756a8"")","-1","-1","scripterActivity"
"ObjectId(""5a3a0b3290789136ad0756ab"")","-1","eug6","ObjectId(""5a3a0b3290789136ad0756ab"")","-1",0,"scripterResponse"
"ObjectId(""5a3a0daf90789136ad0756ae"")","-1","eug16","ObjectId(""5a3a0daf90789136ad0756ae"")","19","-1","scripterPopulation"
"ObjectId(""5a3a0e8f90789136ad0756af"")","-1","eug10","ObjectId(""5a3a0e8f90789136ad0756af"")","13","-1","scripterPopulation"
"ObjectId(""5a3a103090789136ad0756b2"")","-1","eug8","ObjectId(""5a3a103090789136ad0756b2"")","56","-1","scripterPopulation"
"ObjectId(""5a3a123b90789136ad0756b5"")","226.4375","eug6","ObjectId(""5a3a123b90789136ad0756b5"")","-1","-1","scripterActivity"
"ObjectId(""5a3a14b890789136ad0756b8"")","-1","eug16","ObjectId(""5a3a14b890789136ad0756b8"")","-1","0.356893421816","scripterResponse"
"ObjectId(""5a3a159890789136ad0756b9"")","-1","eug10","ObjectId(""5a3a159890789136ad0756b9"")","-1",0,"scripterResponse"
"ObjectId(""5a3a173890789136ad0756bc"")","-1","eug8","ObjectId(""5a3a173890789136ad0756bc"")","-1",0,"scripterResponse"
"ObjectId(""5a3a194390789136ad0756c0"")","-1","eug6","ObjectId(""5a3a194390789136ad0756c0"")","285","-1","scripterPopulation"
"ObjectId(""5a3a1bc190789136ad0756c3"")","194.209558824","eug16","ObjectId(""5a3a1bc190789136ad0756c3"")","-1","-1","scripterActivity"
"ObjectId(""5a3a1ca090789136ad0756c4"")","178.038194444","eug10","ObjectId(""5a3a1ca090789136ad0756c4"")","-1","-1","scripterActivity"
"ObjectId(""5a3a1e4190789136ad0756c7"")","160.627948113","eug8","ObjectId(""5a3a1e4190789136ad0756c7"")","-1","-1","scripterActivity"
"ObjectId(""5a3a204c90789136ad0756ca"")","-1","eug6","ObjectId(""5a3a204c90789136ad0756ca"")","-1",0,"scripterResponse"
"ObjectId(""5a3a22ca90789136ad0756cd"")","-1","eug16","ObjectId(""5a3a22ca90789136ad0756cd"")","15","-1","scripterPopulation"
"ObjectId(""5a3a23a990789136ad0756ce"")","-1","eug10","ObjectId(""5a3a23a990789136ad0756ce"")","17","-1","scripterPopulation"
"ObjectId(""5a3a254990789136ad0756d1"")","-1","eug8","ObjectId(""5a3a254990789136ad0756d1"")","52","-1","scripterPopulation"
"ObjectId(""5a3a275490789136ad0756d4"")","214.941190885","eug6","ObjectId(""5a3a275490789136ad0756d4"")","-1","-1","scripterActivity"
"ObjectId(""5a3a29d290789136ad0756d7"")","-1","eug16","ObjectId(""5a3a29d290789136ad0756d7"")","-1",0,"scripterResponse"
"ObjectId(""5a3a2ab290789136ad0756d8"")","-1","eug10","ObjectId(""5a3a2ab290789136ad0756d8"")","-1",0,"scripterResponse"
"ObjectId(""5a3a2c5190789136ad0756db"")","-1","eug8","ObjectId(""5a3a2c5190789136ad0756db"")","-1",0,"scripterResponse"
"ObjectId(""5a3a2e5d90789136ad0756de"")","-1","eug6","ObjectId(""5a3a2e5d90789136ad0756de"")","316","-1","scripterPopulation"
"ObjectId(""5a3a30db90789136ad0756e1"")","160.15625","eug16","ObjectId(""5a3a30db90789136ad0756e1"")","-1","-1","scripterActivity"
"ObjectId(""5a3a31ba90789136ad0756e2"")","113.125","eug10","ObjectId(""5a3a31ba90789136ad0756e2"")","-1","-1","scripterActivity"
"ObjectId(""5a3a335990789136ad0756e5"")","155.434782609","eug8","ObjectId(""5a3a335990789136ad0756e5"")","-1","-1","scripterActivity"
"ObjectId(""5a3a356590789136ad0756e8"")","-1","eug6","ObjectId(""5a3a356590789136ad0756e8"")","-1",0,"scripterResponse"
"ObjectId(""5a3a37e390789136ad0756eb"")","-1","eug16","ObjectId(""5a3a37e390789136ad0756eb"")","15","-1","scripterPopulation"
"ObjectId(""5a3a38c290789136ad0756ec"")","-1","eug10","ObjectId(""5a3a38c290789136ad0756ec"")","9","-1","scripterPopulation"
"ObjectId(""5a3a3a6290789136ad0756f0"")","-1","eug8","ObjectId(""5a3a3a6290789136ad0756f0"")","55","-1","scripterPopulation"
"ObjectId(""5a3a3a6490789136ad0756f1"")","-1","eug6","ObjectId(""5a3a3a6490789136ad0756f1"")","-1","-1","guest"
"ObjectId(""5a3a3ad290789136ad0756f5"")","-1","eug10","ObjectId(""5a3a3ad290789136ad0756f5"")","-1","-1","quest"
"ObjectId(""5a3a3b3f90789136ad0756f9"")","-1","eug10","ObjectId(""5a3a3b3f90789136ad0756f9"")","-1","-1","guest"
"ObjectId(""5a3a3b4890789136ad0756fa"")","-1","eug10","ObjectId(""5a3a3b4890789136ad0756fa"")","-1","-1","guest"
"ObjectId(""5a3a3b5590789136ad0756fd"")","-1","eug8","ObjectId(""5a3a3b5590789136ad0756fd"")","-1","-1","guest"
"ObjectId(""5a3a3b9690789136ad0756ff"")","-1","eug6","ObjectId(""5a3a3b9690789136ad0756ff"")","-1","-1","guest"
"ObjectId(""5a3a3baf90789136ad075701"")","-1","eug10","ObjectId(""5a3a3baf90789136ad075701"")","-1","-1","guest"
"ObjectId(""5a3a3beb90789136ad075707"")","-1","eug6","ObjectId(""5a3a3beb90789136ad075707"")","-1","-1","quest"
"ObjectId(""5a3a3bf790789136ad075709"")","-1","eug8","ObjectId(""5a3a3bf790789136ad075709"")","-1","-1","guest"
"ObjectId(""5a3a3c4090789136ad075710"")","-1","eug6","ObjectId(""5a3a3c4090789136ad075710"")","-1","-1","quest"
"ObjectId(""5a3a3c4790789136ad075713"")","-1","eug8","ObjectId(""5a3a3c4790789136ad075713"")","-1","-1","quest"
"ObjectId(""5a3a3c6890789136ad075716"")","-1","eug6","ObjectId(""5a3a3c6890789136ad075716"")","-1","-1","guest"
"ObjectId(""5a3a3cc490789136ad075719"")","-1","eug6","ObjectId(""5a3a3cc490789136ad075719"")","-1","-1","guest"
"ObjectId(""5a3a3ce990789136ad07571a"")","-1","eug8","ObjectId(""5a3a3ce990789136ad07571a"")","-1","-1","quest"
"ObjectId(""5a3a3de190789136ad075724"")","-1","eug6","ObjectId(""5a3a3de190789136ad075724"")","-1","-1","guest"
"ObjectId(""5a3a3eec90789136ad075728"")","-1","eug16","ObjectId(""5a3a3eec90789136ad075728"")","-1","0.337274016622","scripterResponse"
"ObjectId(""5a3a3fcb90789136ad075729"")","-1","eug10","ObjectId(""5a3a3fcb90789136ad075729"")","-1","0.0909423616275","scripterResponse"
"ObjectId(""5a3a416b90789136ad07572c"")","-1","eug8","ObjectId(""5a3a416b90789136ad07572c"")","-1",0,"scripterResponse"
"ObjectId(""5a3a437690789136ad07572f"")","254.138183594","eug6","ObjectId(""5a3a437690789136ad07572f"")","-1","-1","scripterActivity"
"ObjectId(""5a3a45f590789136ad075732"")","158.072916667","eug16","ObjectId(""5a3a45f590789136ad075732"")","-1","-1","scripterActivity"
"ObjectId(""5a3a46d490789136ad075733"")","163.504464286","eug10","ObjectId(""5a3a46d490789136ad075733"")","-1","-1","scripterActivity"
"ObjectId(""5a3a487390789136ad075736"")","168.719951923","eug8","ObjectId(""5a3a487390789136ad075736"")","-1","-1","scripterActivity"
"ObjectId(""5a3a4a7f90789136ad075739"")","-1","eug6","ObjectId(""5a3a4a7f90789136ad075739"")","326","-1","scripterPopulation"
"ObjectId(""5a3a4cfd90789136ad07573c"")","-1","eug16","ObjectId(""5a3a4cfd90789136ad07573c"")","22","-1","scripterPopulation"
"ObjectId(""5a3a4ddc90789136ad07573d"")","-1","eug10","ObjectId(""5a3a4ddc90789136ad07573d"")","15","-1","scripterPopulation"
"ObjectId(""5a3a4f7c90789136ad075740"")","-1","eug8","ObjectId(""5a3a4f7c90789136ad075740"")","61","-1","scripterPopulation"
"ObjectId(""5a3a518890789136ad075743"")","-1","eug6","ObjectId(""5a3a518890789136ad075743"")","-1",0,"scripterResponse"
"ObjectId(""5a3a540690789136ad075746"")","-1","eug16","ObjectId(""5a3a540690789136ad075746"")","-1",0,"scripterResponse"
"ObjectId(""5a3a54e590789136ad075747"")","-1","eug10","ObjectId(""5a3a54e590789136ad075747"")","-1",0,"scripterResponse"
"ObjectId(""5a3a568590789136ad07574a"")","-1","eug8","ObjectId(""5a3a568590789136ad07574a"")","-1",0,"scripterResponse"
"ObjectId(""5a3a589090789136ad07574d"")","239.468839799","eug6","ObjectId(""5a3a589090789136ad07574d"")","-1","-1","scripterActivity"
"ObjectId(""5a3a5b0f90789136ad075750"")","139.739583333","eug16","ObjectId(""5a3a5b0f90789136ad075750"")","-1","-1","scripterActivity"
"ObjectId(""5a3a5bed90789136ad075751"")","143.861607143","eug10","ObjectId(""5a3a5bed90789136ad075751"")","-1","-1","scripterActivity"
"ObjectId(""5a3a5d8e90789136ad075754"")","170.598958333","eug8","ObjectId(""5a3a5d8e90789136ad075754"")","-1","-1","scripterActivity"
"ObjectId(""5a3a5f9990789136ad075757"")","-1","eug6","ObjectId(""5a3a5f9990789136ad075757"")","321","-1","scripterPopulation"
"ObjectId(""5a3a621790789136ad07575a"")","-1","eug16","ObjectId(""5a3a621790789136ad07575a"")","17","-1","scripterPopulation"
"ObjectId(""5a3a62f690789136ad07575b"")","-1","eug10","ObjectId(""5a3a62f690789136ad07575b"")","7","-1","scripterPopulation"
"ObjectId(""5a3a649690789136ad07575e"")","-1","eug8","ObjectId(""5a3a649690789136ad07575e"")","56","-1","scripterPopulation"
"ObjectId(""5a3a66a190789136ad075761"")","-1","eug6","ObjectId(""5a3a66a190789136ad075761"")","-1",0,"scripterResponse"
"ObjectId(""5a3a692090789136ad075764"")","-1","eug16","ObjectId(""5a3a692090789136ad075764"")","-1",0,"scripterResponse"
"ObjectId(""5a3a69fe90789136ad075765"")","-1","eug10","ObjectId(""5a3a69fe90789136ad075765"")","-1",0,"scripterResponse"
"ObjectId(""5a3a6b9f90789136ad075768"")","-1","eug8","ObjectId(""5a3a6b9f90789136ad075768"")","-1",0,"scripterResponse"
"ObjectId(""5a3a6da990789136ad07576b"")","240.055575802","eug6","ObjectId(""5a3a6da990789136ad07576b"")","-1","-1","scripterActivity"
"ObjectId(""5a3a702990789136ad07576e"")","155.722128378","eug16","ObjectId(""5a3a702990789136ad07576e"")","-1","-1","scripterActivity"
"ObjectId(""5a3a710790789136ad07576f"")","122.135416667","eug10","ObjectId(""5a3a710790789136ad07576f"")","-1","-1","scripterActivity"
"ObjectId(""5a3a72a790789136ad075772"")","146.848060345","eug8","ObjectId(""5a3a72a790789136ad075772"")","-1","-1","scripterActivity"
"ObjectId(""5a3a74b190789136ad075775"")","-1","eug6","ObjectId(""5a3a74b190789136ad075775"")","353","-1","scripterPopulation"
"ObjectId(""5a3a773190789136ad075778"")","-1","eug16","ObjectId(""5a3a773190789136ad075778"")","24","-1","scripterPopulation"
"ObjectId(""5a3a781090789136ad075779"")","-1","eug10","ObjectId(""5a3a781090789136ad075779"")","5","-1","scripterPopulation"
"ObjectId(""5a3a79b090789136ad07577c"")","-1","eug8","ObjectId(""5a3a79b090789136ad07577c"")","71","-1","scripterPopulation"
"ObjectId(""5a3a7bba90789136ad07577f"")","-1","eug6","ObjectId(""5a3a7bba90789136ad07577f"")","-1",0,"scripterResponse"
"ObjectId(""5a3a7e3990789136ad075782"")","-1","eug16","ObjectId(""5a3a7e3990789136ad075782"")","-1",0,"scripterResponse"
"ObjectId(""5a3a7f1890789136ad075783"")","-1","eug10","ObjectId(""5a3a7f1890789136ad075783"")","-1",0,"scripterResponse"
"ObjectId(""5a3a80b890789136ad075786"")","-1","eug8","ObjectId(""5a3a80b890789136ad075786"")","-1",0,"scripterResponse"
"ObjectId(""5a3a82c290789136ad075789"")","227.852787456","eug6","ObjectId(""5a3a82c290789136ad075789"")","-1","-1","scripterActivity"
"ObjectId(""5a3a854190789136ad07578c"")","156.8359375","eug16","ObjectId(""5a3a854190789136ad07578c"")","-1","-1","scripterActivity"
"ObjectId(""5a3a862190789136ad07578d"")","193.229166667","eug10","ObjectId(""5a3a862190789136ad07578d"")","-1","-1","scripterActivity"
"ObjectId(""5a3a87c090789136ad075790"")","167.96875","eug8","ObjectId(""5a3a87c090789136ad075790"")","-1","-1","scripterActivity"
"ObjectId(""5a3a89ca90789136ad075793"")","-1","eug6","ObjectId(""5a3a89ca90789136ad075793"")","320","-1","scripterPopulation"
"ObjectId(""5a3a8c4a90789136ad075796"")","-1","eug16","ObjectId(""5a3a8c4a90789136ad075796"")","25","-1","scripterPopulation"
"ObjectId(""5a3a8d2990789136ad075797"")","-1","eug10","ObjectId(""5a3a8d2990789136ad075797"")","15","-1","scripterPopulation"
"ObjectId(""5a3a8ec890789136ad07579a"")","-1","eug8","ObjectId(""5a3a8ec890789136ad07579a"")","53","-1","scripterPopulation"
"ObjectId(""5a3a90d290789136ad07579d"")","-1","eug6","ObjectId(""5a3a90d290789136ad07579d"")","-1",0,"scripterResponse"
"ObjectId(""5a3a935390789136ad0757a0"")","-1","eug16","ObjectId(""5a3a935390789136ad0757a0"")","-1",0,"scripterResponse"
"ObjectId(""5a3a943190789136ad0757a1"")","-1","eug10","ObjectId(""5a3a943190789136ad0757a1"")","-1",0,"scripterResponse"
"ObjectId(""5a3a95d090789136ad0757a4"")","-1","eug8","ObjectId(""5a3a95d090789136ad0757a4"")","-1",0,"scripterResponse"
"ObjectId(""5a3a97db90789136ad0757a7"")","244.508067507","eug6","ObjectId(""5a3a97db90789136ad0757a7"")","-1","-1","scripterActivity"
"ObjectId(""5a3a9a5c90789136ad0757aa"")","157.217261905","eug16","ObjectId(""5a3a9a5c90789136ad0757aa"")","-1","-1","scripterActivity"
"ObjectId(""5a3a9b3a90789136ad0757ab"")","149.045138889","eug10","ObjectId(""5a3a9b3a90789136ad0757ab"")","-1","-1","scripterActivity"
"ObjectId(""5a3a9cd990789136ad0757ae"")","158.368844697","eug8","ObjectId(""5a3a9cd990789136ad0757ae"")","-1","-1","scripterActivity"
"ObjectId(""5a3a9ee390789136ad0757b1"")","-1","eug6","ObjectId(""5a3a9ee390789136ad0757b1"")","336","-1","scripterPopulation"
"ObjectId(""5a3aa16490789136ad0757b4"")","-1","eug16","ObjectId(""5a3aa16490789136ad0757b4"")","20","-1","scripterPopulation"
"ObjectId(""5a3aa24390789136ad0757b5"")","-1","eug10","ObjectId(""5a3aa24390789136ad0757b5"")","11","-1","scripterPopulation"
"ObjectId(""5a3aa3e290789136ad0757b8"")","-1","eug8","ObjectId(""5a3aa3e290789136ad0757b8"")","55","-1","scripterPopulation"
"ObjectId(""5a3aa5ec90789136ad0757bb"")","-1","eug6","ObjectId(""5a3aa5ec90789136ad0757bb"")","-1",0,"scripterResponse"
"ObjectId(""5a3aa86c90789136ad0757be"")","-1","eug16","ObjectId(""5a3aa86c90789136ad0757be"")","-1","0.165294720197","scripterResponse"
"ObjectId(""5a3aa94b90789136ad0757bf"")","-1","eug10","ObjectId(""5a3aa94b90789136ad0757bf"")","-1",0,"scripterResponse"
"ObjectId(""5a3aaaea90789136ad0757c2"")","-1","eug8","ObjectId(""5a3aaaea90789136ad0757c2"")","-1",0,"scripterResponse"
"ObjectId(""5a3aacf490789136ad0757c5"")","232.943104103","eug6","ObjectId(""5a3aacf490789136ad0757c5"")","-1","-1","scripterActivity"
"ObjectId(""5a3aaf7590789136ad0757c8"")","137.5","eug16","ObjectId(""5a3aaf7590789136ad0757c8"")","-1","-1","scripterActivity"
"ObjectId(""5a3ab05490789136ad0757c9"")","130.654761905","eug10","ObjectId(""5a3ab05490789136ad0757c9"")","-1","-1","scripterActivity"
"ObjectId(""5a3ab1f390789136ad0757cc"")","158.001077586","eug8","ObjectId(""5a3ab1f390789136ad0757cc"")","-1","-1","scripterActivity"
"ObjectId(""5a3ab3fc90789136ad0757cf"")","-1","eug6","ObjectId(""5a3ab3fc90789136ad0757cf"")","356","-1","scripterPopulation"
"ObjectId(""5a3ab67e90789136ad0757d2"")","-1","eug16","ObjectId(""5a3ab67e90789136ad0757d2"")","32","-1","scripterPopulation"
"ObjectId(""5a3ab75c90789136ad0757d3"")","-1","eug10","ObjectId(""5a3ab75c90789136ad0757d3"")","9","-1","scripterPopulation"
"ObjectId(""5a3ab8fb90789136ad0757d6"")","-1","eug8","ObjectId(""5a3ab8fb90789136ad0757d6"")","50","-1","scripterPopulation"
"ObjectId(""5a3abb0490789136ad0757d9"")","-1","eug6","ObjectId(""5a3abb0490789136ad0757d9"")","-1",0,"scripterResponse"
"ObjectId(""5a3abd8690789136ad0757dc"")","-1","eug16","ObjectId(""5a3abd8690789136ad0757dc"")","-1",0,"scripterResponse"
"ObjectId(""5a3abe6490789136ad0757dd"")","-1","eug10","ObjectId(""5a3abe6490789136ad0757dd"")","-1",0,"scripterResponse"
"ObjectId(""5a3ac00390789136ad0757e0"")","-1","eug8","ObjectId(""5a3ac00390789136ad0757e0"")","-1",0,"scripterResponse"
"ObjectId(""5a3ac20c90789136ad0757e3"")","233.917682927","eug6","ObjectId(""5a3ac20c90789136ad0757e3"")","-1","-1","scripterActivity"
"ObjectId(""5a3ac48e90789136ad0757e6"")","144.642857143","eug16","ObjectId(""5a3ac48e90789136ad0757e6"")","-1","-1","scripterActivity"
"ObjectId(""5a3ac56d90789136ad0757e7"")","168.080357143","eug10","ObjectId(""5a3ac56d90789136ad0757e7"")","-1","-1","scripterActivity"
"ObjectId(""5a3ac70c90789136ad0757ea"")","166.2109375","eug8","ObjectId(""5a3ac70c90789136ad0757ea"")","-1","-1","scripterActivity"
"ObjectId(""5a3ac91490789136ad0757ed"")","-1","eug6","ObjectId(""5a3ac91490789136ad0757ed"")","349","-1","scripterPopulation"
"ObjectId(""5a3acb9690789136ad0757f0"")","-1","eug16","ObjectId(""5a3acb9690789136ad0757f0"")","17","-1","scripterPopulation"
"ObjectId(""5a3acc7690789136ad0757f1"")","-1","eug10","ObjectId(""5a3acc7690789136ad0757f1"")","8","-1","scripterPopulation"
"ObjectId(""5a3ace1590789136ad0757f4"")","-1","eug8","ObjectId(""5a3ace1590789136ad0757f4"")","67","-1","scripterPopulation"
"ObjectId(""5a3ad01c90789136ad0757f7"")","-1","eug6","ObjectId(""5a3ad01c90789136ad0757f7"")","-1",0,"scripterResponse"
"ObjectId(""5a3ad25990789136ad0757fa"")","-1","eug6","ObjectId(""5a3ad25990789136ad0757fa"")","-1","-1","shirishgoyal"
"ObjectId(""5a3ad29e90789136ad0757fb"")","-1","eug16","ObjectId(""5a3ad29e90789136ad0757fb"")","-1","0.274629327181","scripterResponse"
"ObjectId(""5a3ad2b290789136ad0757fc"")","-1","eug8","ObjectId(""5a3ad2b290789136ad0757fc"")","-1","-1","shirishgoyal"
"ObjectId(""5a3ad31290789136ad0757fd"")","-1","eug10","ObjectId(""5a3ad31290789136ad0757fd"")","-1","-1","shirishgoyal"
"ObjectId(""5a3ad36990789136ad0757fe"")","-1","eug16","ObjectId(""5a3ad36990789136ad0757fe"")","-1","-1","shirishgoyal"
"ObjectId(""5a3ad37e90789136ad0757ff"")","-1","eug10","ObjectId(""5a3ad37e90789136ad0757ff"")","-1",0,"scripterResponse"
"ObjectId(""5a3ad51d90789136ad075802"")","-1","eug8","ObjectId(""5a3ad51d90789136ad075802"")","-1",0,"scripterResponse"
"ObjectId(""5a3ad72590789136ad075805"")","214.327651515","eug6","ObjectId(""5a3ad72590789136ad075805"")","-1","-1","scripterActivity"
"ObjectId(""5a3ad9a790789136ad075808"")","161.915600394","eug16","ObjectId(""5a3ad9a790789136ad075808"")","-1","-1","scripterActivity"
"ObjectId(""5a3ada8690789136ad075809"")","150.954861111","eug10","ObjectId(""5a3ada8690789136ad075809"")","-1","-1","scripterActivity"
"ObjectId(""5a3adc2690789136ad07580c"")","173.4375","eug8","ObjectId(""5a3adc2690789136ad07580c"")","-1","-1","scripterActivity"
"ObjectId(""5a3ade2e90789136ad07580f"")","-1","eug6","ObjectId(""5a3ade2e90789136ad07580f"")","334","-1","scripterPopulation"
"ObjectId(""5a3ae0b090789136ad075812"")","-1","eug16","ObjectId(""5a3ae0b090789136ad075812"")","148","-1","scripterPopulation"
"ObjectId(""5a3ae18f90789136ad075813"")","-1","eug10","ObjectId(""5a3ae18f90789136ad075813"")","6","-1","scripterPopulation"
"ObjectId(""5a3ae32e90789136ad075816"")","-1","eug8","ObjectId(""5a3ae32e90789136ad075816"")","75","-1","scripterPopulation"
"ObjectId(""5a3ae42490789136ad075818"")","-1","eug6","ObjectId(""5a3ae42490789136ad075818"")","-1","-1","peterwashington"
"ObjectId(""5a3ae53790789136ad07581a"")","-1","eug6","ObjectId(""5a3ae53790789136ad07581a"")","-1","0.647233323927","scripterResponse"
"ObjectId(""5a3ae7b890789136ad07581d"")","-1","eug16","ObjectId(""5a3ae7b890789136ad07581d"")","-1","1.05814817475","scripterResponse"
"ObjectId(""5a3ae89890789136ad07581e"")","-1","eug10","ObjectId(""5a3ae89890789136ad07581e"")","-1",0,"scripterResponse"
"ObjectId(""5a3aea3790789136ad075821"")","-1","eug8","ObjectId(""5a3aea3790789136ad075821"")","-1",0,"scripterResponse"
"ObjectId(""5a3aec3f90789136ad075824"")","188.430059524","eug6","ObjectId(""5a3aec3f90789136ad075824"")","-1","-1","scripterActivity"
