"_id","bpu","rating","userId","username"
"ObjectId(""58eef02d873481aa4791b2c8"")","eug1","4","ObjectId(""563abd7932804ebd6f70152e"")","casey"
"ObjectId(""58eef48d873481aa4791b2c9"")","eug0","5","ObjectId(""58295ba579babea371ef32e2"")","peterwashington"
"ObjectId(""58ef062d873481aa4791b2ca"")","eug1","5","ObjectId(""563abd7932804ebd6f70152e"")","casey"
"ObjectId(""58efd3ba873481aa4791b2cb"")","eug16","4","ObjectId(""58295ba579babea371ef32e2"")","peterwashington"
"ObjectId(""58efd95c873481aa4791b2cc"")","eug16","5","ObjectId(""563bb418ace41fb06564abbd"")","ingmar"
"ObjectId(""58efd9b2873481aa4791b2cd"")","eug0","4","ObjectId(""563bb418ace41fb06564abbd"")","ingmar"
"ObjectId(""58efda31873481aa4791b2ce"")","eug3","1","ObjectId(""563bb418ace41fb06564abbd"")","ingmar"
"ObjectId(""58efda92873481aa4791b2cf"")","eug15","4","ObjectId(""563bb418ace41fb06564abbd"")","ingmar"
"ObjectId(""58efdcf6873481aa4791b2d0"")","eug0","5","ObjectId(""563abd7932804ebd6f70152e"")","casey"
"ObjectId(""58efddad873481aa4791b2d1"")","eug0","5","ObjectId(""563abd7932804ebd6f70152e"")","casey"
"ObjectId(""58efe077873481aa4791b2d5"")","eug0","5","ObjectId(""563abd7932804ebd6f70152e"")","casey"
"ObjectId(""58efe124873481aa4791b2d6"")","eug3","5","ObjectId(""563abd7932804ebd6f70152e"")","casey"
"ObjectId(""58efe16d873481aa4791b2d7"")","eug1","5","ObjectId(""563abd7932804ebd6f70152e"")","casey"
"ObjectId(""58efe1b4873481aa4791b2d8"")","eug3","5","ObjectId(""563abd7932804ebd6f70152e"")","casey"
"ObjectId(""58efe26d873481aa4791b2d9"")","eug3","5","ObjectId(""563abd7932804ebd6f70152e"")","casey"
"ObjectId(""58efe364873481aa4791b2da"")","eug3","5","ObjectId(""563abd7932804ebd6f70152e"")","casey"
"ObjectId(""58efe3ba873481aa4791b2db"")","eug3","5","ObjectId(""563abd7932804ebd6f70152e"")","casey"
"ObjectId(""58efe84a873481aa4791b2dc"")","eug3","5","ObjectId(""563abd7932804ebd6f70152e"")","casey"
"ObjectId(""58efe93d873481aa4791b2dd"")","eug3","5","ObjectId(""563abd7932804ebd6f70152e"")","casey"
"ObjectId(""58efea11873481aa4791b2de"")","eug15","5","ObjectId(""563abd7932804ebd6f70152e"")","casey"
"ObjectId(""58efea98873481aa4791b2df"")","eug3","5","ObjectId(""58295ba579babea371ef32e2"")","peterwashington"
"ObjectId(""58efeb02873481aa4791b2e0"")","eug0","5","ObjectId(""58295ba579babea371ef32e2"")","peterwashington"
"ObjectId(""58efeb9b873481aa4791b2e1"")","eug1","5","ObjectId(""563abd7932804ebd6f70152e"")","casey"
"ObjectId(""58efec83873481aa4791b2e2"")","eug1","5","ObjectId(""563abd7932804ebd6f70152e"")","casey"
"ObjectId(""58efed1f873481aa4791b2e3"")","eug0","5","ObjectId(""563abd7932804ebd6f70152e"")","casey"
"ObjectId(""58eff2ea873481aa4791b2e4"")","eug1","5","ObjectId(""58295ba579babea371ef32e2"")","peterwashington"
"ObjectId(""58f00b83873481aa4791b2e5"")","eug3","5","ObjectId(""563bb418ace41fb06564abbd"")","ingmar"
"ObjectId(""58f00bca873481aa4791b2e6"")","eug3","3","ObjectId(""563bb418ace41fb06564abbd"")","ingmar"
"ObjectId(""58f00c7a873481aa4791b2e7"")","eug1","3","ObjectId(""563bb418ace41fb06564abbd"")","ingmar"
"ObjectId(""58f0d464873481aa4791b2e9"")","eug3","5","ObjectId(""563abd7932804ebd6f70152e"")","casey"
"ObjectId(""58f0d5ec873481aa4791b2ea"")","eug16","5","ObjectId(""563abd7932804ebd6f70152e"")","casey"
"ObjectId(""58f171d6873481aa4791b2eb"")","eug3","5","ObjectId(""563abd7932804ebd6f70152e"")","casey"
"ObjectId(""58f173d7873481aa4791b2ec"")","eug1","4","ObjectId(""563abd7932804ebd6f70152e"")","casey"
"ObjectId(""58f178eb873481aa4791b2ed"")","eug3","5","ObjectId(""58295ba579babea371ef32e2"")","peterwashington"
"ObjectId(""58f17a08873481aa4791b2ee"")","eug15","5","ObjectId(""58295ba579babea371ef32e2"")","peterwashington"
"ObjectId(""58f17e5c873481aa4791b2ef"")","eug3","5","ObjectId(""563abd7932804ebd6f70152e"")","casey"
"ObjectId(""58f182cc873481aa4791b2f0"")","eug0","5","ObjectId(""563abd7932804ebd6f70152e"")","casey"
"ObjectId(""58f4f102873481aa4791b2f5"")","eug16","5","ObjectId(""563bb418ace41fb06564abbd"")","ingmar"
"ObjectId(""58f4f183873481aa4791b2f6"")","eug1","4","ObjectId(""563bb418ace41fb06564abbd"")","ingmar"
"ObjectId(""58f4f26a873481aa4791b2f7"")","null","4","ObjectId(""563bb418ace41fb06564abbd"")","ingmar"
"ObjectId(""58f51579873481aa4791b2f9"")","eug0","5","ObjectId(""563abd7932804ebd6f70152e"")","casey"
"ObjectId(""58f515c0873481aa4791b2fa"")","eug1","5","ObjectId(""563abd7932804ebd6f70152e"")","casey"
"ObjectId(""58f51610873481aa4791b2fb"")","eug3","5","ObjectId(""563abd7932804ebd6f70152e"")","casey"
"ObjectId(""58f5165f873481aa4791b2fc"")","eug15","5","ObjectId(""563abd7932804ebd6f70152e"")","casey"
"ObjectId(""58f516ae873481aa4791b2fd"")","eug16","5","ObjectId(""563abd7932804ebd6f70152e"")","casey"
"ObjectId(""58f5175b873481aa4791b2fe"")","eug16","5","ObjectId(""563abd7932804ebd6f70152e"")","casey"
"ObjectId(""58f53733873481aa4791b302"")","eug16","5","ObjectId(""563abd7932804ebd6f70152e"")","casey"
"ObjectId(""58f54d35873481aa4791b303"")","eug16","5","ObjectId(""563abd7932804ebd6f70152e"")","casey"
"ObjectId(""58f550a6873481aa4791b304"")","eug3","2","ObjectId(""563abd7932804ebd6f70152e"")","casey"
"ObjectId(""58f55104873481aa4791b305"")","eug3","1","ObjectId(""563abd7932804ebd6f70152e"")","casey"
"ObjectId(""58f55b14873481aa4791b306"")","eug3","5","ObjectId(""563abd7932804ebd6f70152e"")","casey"
"ObjectId(""58f55b6c873481aa4791b307"")","eug16","5","ObjectId(""563abd7932804ebd6f70152e"")","casey"
"ObjectId(""58f56578873481aa4791b308"")","eug3","5","ObjectId(""563abd7932804ebd6f70152e"")","casey"
"ObjectId(""58f58612873481aa4791b309"")","eug3","5","ObjectId(""563abd7932804ebd6f70152e"")","casey"
"ObjectId(""58f6c8f4873481aa4791b30b"")","eug16","5","ObjectId(""563abd7932804ebd6f70152e"")","casey"
"ObjectId(""58f6e0ee873481aa4791b30d"")","eug16","5","ObjectId(""563bb418ace41fb06564abbd"")","ingmar"
"ObjectId(""58f6e160873481aa4791b30e"")","eug3","3","ObjectId(""563bb418ace41fb06564abbd"")","ingmar"
"ObjectId(""58f7aae2873481aa4791b30f"")","eug3","5","ObjectId(""563abd7932804ebd6f70152e"")","casey"
"ObjectId(""58f7ab39873481aa4791b310"")","eug16","5","ObjectId(""563abd7932804ebd6f70152e"")","casey"
"ObjectId(""58f7c65a873481aa4791b311"")","eug16","2","ObjectId(""563abd7932804ebd6f70152e"")","casey"
"ObjectId(""58f7cc01873481aa4791b312"")","eug16","5","ObjectId(""563abd7932804ebd6f70152e"")","casey"
"ObjectId(""58f7cc4d873481aa4791b313"")","eug16","5","ObjectId(""563abd7932804ebd6f70152e"")","casey"
"ObjectId(""58f7d61d873481aa4791b314"")","eug16","3","ObjectId(""563abd7932804ebd6f70152e"")","casey"
"ObjectId(""58f7d6f8873481aa4791b316"")","eug3","5","ObjectId(""563abd7932804ebd6f70152e"")","casey"
"ObjectId(""58f7da91873481aa4791b317"")","eug16","4","ObjectId(""563abd7932804ebd6f70152e"")","casey"
"ObjectId(""58f7f43c873481aa4791b318"")","eug16","5","ObjectId(""563abd7932804ebd6f70152e"")","casey"
"ObjectId(""58f7f5a0873481aa4791b319"")","eug16","5","ObjectId(""563abd7932804ebd6f70152e"")","casey"
"ObjectId(""58f7f637873481aa4791b31a"")","eug16","5","ObjectId(""563abd7932804ebd6f70152e"")","casey"
"ObjectId(""58f7fa09873481aa4791b31b"")","eug16","4","ObjectId(""563abd7932804ebd6f70152e"")","casey"
"ObjectId(""58f7faf8873481aa4791b31c"")","eug16","5","ObjectId(""563abd7932804ebd6f70152e"")","casey"
"ObjectId(""58f7fb46873481aa4791b31d"")","eug16","4","ObjectId(""563abd7932804ebd6f70152e"")","casey"
"ObjectId(""58f80188873481aa4791b31e"")","eug16","5","ObjectId(""563abd7932804ebd6f70152e"")","casey"
"ObjectId(""58f8ad90873481aa4791b320"")","eug0","3","ObjectId(""563bb418ace41fb06564abbd"")","ingmar"
"ObjectId(""58f8ade2873481aa4791b321"")","eug1","3","ObjectId(""563bb418ace41fb06564abbd"")","ingmar"
"ObjectId(""58f8ae40873481aa4791b322"")","eug3","3","ObjectId(""563bb418ace41fb06564abbd"")","ingmar"
"ObjectId(""58f8aedd873481aa4791b323"")","eug15","4","ObjectId(""563bb418ace41fb06564abbd"")","ingmar"
"ObjectId(""58f8dfec873481aa4791b324"")","eug16","4","ObjectId(""563abd7932804ebd6f70152e"")","casey"
"ObjectId(""58f8e050873481aa4791b325"")","eug16","5","ObjectId(""563abd7932804ebd6f70152e"")","casey"
"ObjectId(""58f903a8873481aa4791b328"")","eug3","5","ObjectId(""563abd7932804ebd6f70152e"")","casey"
"ObjectId(""58f90520873481aa4791b32a"")","eug15","5","ObjectId(""58295ba579babea371ef32e2"")","peterwashington"
"ObjectId(""58f905b1873481aa4791b32c"")","eug3","5","ObjectId(""563abd7932804ebd6f70152e"")","casey"
"ObjectId(""58f9067f873481aa4791b32d"")","eug0","5","ObjectId(""563abd7932804ebd6f70152e"")","casey"
"ObjectId(""58f90a12873481aa4791b32f"")","eug3","5","ObjectId(""563abd7932804ebd6f70152e"")","casey"
"ObjectId(""58f90aff873481aa4791b332"")","eug16","5","ObjectId(""563abd7932804ebd6f70152e"")","casey"
"ObjectId(""58f90cbc873481aa4791b333"")","eug16","5","ObjectId(""563bb418ace41fb06564abbd"")","ingmar"
"ObjectId(""58f9118e873481aa4791b334"")","eug16","5","ObjectId(""563bb418ace41fb06564abbd"")","ingmar"
"ObjectId(""58f91545873481aa4791b336"")","eug0","5","ObjectId(""563abd7932804ebd6f70152e"")","casey"
"ObjectId(""58f91d49873481aa4791b337"")","eug16","5","ObjectId(""563bb418ace41fb06564abbd"")","ingmar"
"ObjectId(""58f91f83873481aa4791b338"")","eug16","3","ObjectId(""563bb418ace41fb06564abbd"")","ingmar"
"ObjectId(""58f91fd8873481aa4791b339"")","eug0","3","ObjectId(""563bb418ace41fb06564abbd"")","ingmar"
"ObjectId(""58f920fe873481aa4791b33a"")","eug16","5","ObjectId(""563abd7932804ebd6f70152e"")","casey"
"ObjectId(""58f92135873481aa4791b33b"")","eug16","5","ObjectId(""563bb418ace41fb06564abbd"")","ingmar"
"ObjectId(""58f924bd873481aa4791b33c"")","eug0","3","ObjectId(""563bb418ace41fb06564abbd"")","ingmar"
"ObjectId(""58f92751873481aa4791b33d"")","eug15","5","ObjectId(""563abd7932804ebd6f70152e"")","casey"
"ObjectId(""58f927d2873481aa4791b33e"")","eug16","5","ObjectId(""563bb418ace41fb06564abbd"")","ingmar"
"ObjectId(""58f929ac873481aa4791b33f"")","eug16","5","ObjectId(""563bb418ace41fb06564abbd"")","ingmar"
"ObjectId(""58f92c17873481aa4791b340"")","eug16","5","ObjectId(""563bb418ace41fb06564abbd"")","ingmar"
"ObjectId(""58f92cd7873481aa4791b341"")","eug16","4","ObjectId(""563bb418ace41fb06564abbd"")","ingmar"
"ObjectId(""58f92d9c873481aa4791b342"")","eug16","5","ObjectId(""563bb418ace41fb06564abbd"")","ingmar"
"ObjectId(""58f930d4873481aa4791b343"")","eug15","5","ObjectId(""563abd7932804ebd6f70152e"")","casey"
"ObjectId(""58f930e2873481aa4791b344"")","eug16","5","ObjectId(""563bb418ace41fb06564abbd"")","ingmar"
"ObjectId(""58f93339873481aa4791b345"")","eug16","5","ObjectId(""563bb418ace41fb06564abbd"")","ingmar"
"ObjectId(""58f934df873481aa4791b346"")","eug16","5","ObjectId(""563bb418ace41fb06564abbd"")","ingmar"
"ObjectId(""58f9352b873481aa4791b347"")","eug16","5","ObjectId(""563bb418ace41fb06564abbd"")","ingmar"
"ObjectId(""58f936d4873481aa4791b348"")","eug16","5","ObjectId(""563bb418ace41fb06564abbd"")","ingmar"
"ObjectId(""58fa2883873481aa4791b349"")","eug16","5","ObjectId(""563bb418ace41fb06564abbd"")","ingmar"
"ObjectId(""58fa2906873481aa4791b34a"")","eug1","5","ObjectId(""563bb418ace41fb06564abbd"")","ingmar"
"ObjectId(""58fa2993873481aa4791b34b"")","eug15","4","ObjectId(""563bb418ace41fb06564abbd"")","ingmar"
"ObjectId(""58fa29e1873481aa4791b34c"")","eug0","4","ObjectId(""563bb418ace41fb06564abbd"")","ingmar"
"ObjectId(""58fa2a3e873481aa4791b34d"")","eug3","2","ObjectId(""563bb418ace41fb06564abbd"")","ingmar"
"ObjectId(""58fa501f873481aa4791b350"")","eug16","5","ObjectId(""563abd7932804ebd6f70152e"")","casey"
"ObjectId(""58fa774a873481aa4791b351"")","eug16","4","ObjectId(""563abd7932804ebd6f70152e"")","casey"
"ObjectId(""58fe431f873481aa4791b352"")","eug3","4","ObjectId(""563abd7932804ebd6f70152e"")","casey"
"ObjectId(""5900322247c02c9b0b3955ba"")","eug16","5","ObjectId(""563bb418ace41fb06564abbd"")","ingmar"
"ObjectId(""5900fdba47c02c9b0b3955bc"")","null","5","ObjectId(""563bb418ace41fb06564abbd"")","ingmar"
"ObjectId(""59022aa047c02c9b0b3955cc"")","null","5","ObjectId(""563bb418ace41fb06564abbd"")","ingmar"
"ObjectId(""5903791b47c02c9b0b3955cf"")","null","5","ObjectId(""563bb418ace41fb06564abbd"")","ingmar"
"ObjectId(""590379c247c02c9b0b3955d0"")","eug3","1","ObjectId(""563bb418ace41fb06564abbd"")","ingmar"
"ObjectId(""59037a2047c02c9b0b3955d1"")","eug1","4","ObjectId(""563bb418ace41fb06564abbd"")","ingmar"
"ObjectId(""5903c9cd47c02c9b0b3955d7"")","eug0","4","ObjectId(""563bb418ace41fb06564abbd"")","ingmar"
"ObjectId(""5903ce8647c02c9b0b3955d8"")","eug0","5","ObjectId(""563bb418ace41fb06564abbd"")","ingmar"
"ObjectId(""5903d33d47c02c9b0b3955d9"")","eug16","5","ObjectId(""563bb418ace41fb06564abbd"")","ingmar"
"ObjectId(""5907c6f17238bf797813c025"")","eug1","3","ObjectId(""563bb418ace41fb06564abbd"")","ingmar"
"ObjectId(""5908c9db7238bf797813c029"")","eug3","3","ObjectId(""587eadef6e940b815f8dd66c"")","trumu"
"ObjectId(""5908cd157238bf797813c02a"")","eug0","3","ObjectId(""587eadef6e940b815f8dd66c"")","trumu"
"ObjectId(""5908f1917238bf797813c02b"")","eug16","5","ObjectId(""563bb418ace41fb06564abbd"")","ingmar"
"ObjectId(""5908f2a57238bf797813c02c"")","eug16","4","ObjectId(""563bb418ace41fb06564abbd"")","ingmar"
"ObjectId(""5909ba3d7238bf797813c030"")","null","4","ObjectId(""5909b6877238bf797813c02d"")","ErikaP"
"ObjectId(""5909bb577238bf797813c031"")","null","5","ObjectId(""5909b6877238bf797813c02d"")","ErikaP"
"ObjectId(""590c9b6d7238bf797813c039"")","eug16","5","ObjectId(""563bb418ace41fb06564abbd"")","ingmar"
"ObjectId(""590c9be17238bf797813c03a"")","eug1","1","ObjectId(""563bb418ace41fb06564abbd"")","ingmar"
"ObjectId(""59109b657238bf797813c044"")","eug16","4","ObjectId(""563bb418ace41fb06564abbd"")","ingmar"
"ObjectId(""5910b4c47238bf797813c04b"")","eug15","3","ObjectId(""5910b4587238bf797813c048"")","jlallen17"
"ObjectId(""59114fa87238bf797813c04e"")","eug15","4","ObjectId(""59114f497238bf797813c04c"")","jderisi"
"ObjectId(""5912236b7238bf797813c050"")","eug16","4","ObjectId(""563bb418ace41fb06564abbd"")","ingmar"
"ObjectId(""5913b29d7238bf797813c053"")","eug16","4","ObjectId(""563bb418ace41fb06564abbd"")","ingmar"
"ObjectId(""591639777238bf797813c05d"")","eug16","4","ObjectId(""563bb418ace41fb06564abbd"")","ingmar"
"ObjectId(""591639dc7238bf797813c05e"")","eug0","4","ObjectId(""563bb418ace41fb06564abbd"")","ingmar"
"ObjectId(""5918c6df7238bf797813c06b"")","eug3","5","ObjectId(""5918598f7238bf797813c05f"")","hackolite"
"ObjectId(""591bd0627238bf797813c08b"")","eug15","1","ObjectId(""587eadef6e940b815f8dd66c"")","trumu"
"ObjectId(""591bd5aa7238bf797813c08c"")","eug15","1","ObjectId(""587eadef6e940b815f8dd66c"")","trumu"
"ObjectId(""591be7b77238bf797813c08e"")","eug15","1","ObjectId(""587eadef6e940b815f8dd66c"")","trumu"
"ObjectId(""591c07327238bf797813c08f"")","eug16","1","ObjectId(""591ab63e7238bf797813c07f"")","BenBen"
"ObjectId(""591c28707238bf797813c093"")","eug0","5","ObjectId(""591c28057238bf797813c090"")","cica"
"ObjectId(""591c28c67238bf797813c094"")","eug3","5","ObjectId(""591c28057238bf797813c090"")","cica"
"ObjectId(""591d244828fc9f2549a5329d"")","eug1","1","ObjectId(""587eadef6e940b815f8dd66c"")","trumu"
"ObjectId(""591e27fb28fc9f2549a532a6"")","eug16","3","ObjectId(""563abd7932804ebd6f70152e"")","casey"
"ObjectId(""591e303528fc9f2549a532a7"")","eug16","4","ObjectId(""563abd7932804ebd6f70152e"")","casey"
"ObjectId(""591f66bb28fc9f2549a532a9"")","eug16","4","ObjectId(""563bb418ace41fb06564abbd"")","ingmar"
"ObjectId(""592611e828fc9f2549a532c2"")","eug16","4","ObjectId(""563bb418ace41fb06564abbd"")","ingmar"
"ObjectId(""592dd8b328fc9f2549a532d8"")","eug16","5","ObjectId(""563bb418ace41fb06564abbd"")","ingmar"
"ObjectId(""5930a8a028fc9f2549a532dc"")","eug16","4","ObjectId(""563abd7932804ebd6f70152e"")","casey"
"ObjectId(""5930a8e628fc9f2549a532dd"")","eug3","1","ObjectId(""563abd7932804ebd6f70152e"")","casey"
"ObjectId(""5930b1e028fc9f2549a532e0"")","eug16","4","ObjectId(""563abd7932804ebd6f70152e"")","casey"
"ObjectId(""59319b2228fc9f2549a532e3"")","eug0","3","ObjectId(""563abd7932804ebd6f70152e"")","casey"
"ObjectId(""59319d9b28fc9f2549a532e4"")","eug0","3","ObjectId(""563abd7932804ebd6f70152e"")","casey"
"ObjectId(""59319e0428fc9f2549a532e5"")","eug3","2","ObjectId(""563abd7932804ebd6f70152e"")","casey"
"ObjectId(""59319e6c28fc9f2549a532e6"")","eug1","4","ObjectId(""563abd7932804ebd6f70152e"")","casey"
"ObjectId(""59319ec128fc9f2549a532e7"")","eug15","2","ObjectId(""563abd7932804ebd6f70152e"")","casey"
"ObjectId(""59319f1028fc9f2549a532e8"")","eug16","5","ObjectId(""563abd7932804ebd6f70152e"")","casey"
"ObjectId(""5932f5591caad86d2a61c78a"")","eug1","5","ObjectId(""563abc94b56301a66b39630b"")","zhossain_admin"
"ObjectId(""5934e5701caad86d2a61c78d"")","eug16","5","ObjectId(""563bb418ace41fb06564abbd"")","ingmar"
"ObjectId(""5934e5ef1caad86d2a61c78e"")","eug16","5","ObjectId(""563bb418ace41fb06564abbd"")","ingmar"
"ObjectId(""5937f2851caad86d2a61c7a4"")","eug16","4","ObjectId(""5937f2291caad86d2a61c7a1"")","jstopp"
"ObjectId(""5937f2fa1caad86d2a61c7a5"")","null","3","ObjectId(""5937f2291caad86d2a61c7a1"")","jstopp"
"ObjectId(""593efa261caad86d2a61c7bc"")","eug1","5","ObjectId(""563abd7932804ebd6f70152e"")","casey"
"ObjectId(""593efaa91caad86d2a61c7bd"")","eug0","3","ObjectId(""563abd7932804ebd6f70152e"")","casey"
"ObjectId(""593efaee1caad86d2a61c7be"")","eug1","5","ObjectId(""563abd7932804ebd6f70152e"")","casey"
"ObjectId(""593efb3f1caad86d2a61c7bf"")","eug15","3","ObjectId(""563abd7932804ebd6f70152e"")","casey"
"ObjectId(""593efb851caad86d2a61c7c0"")","eug16","5","ObjectId(""563abd7932804ebd6f70152e"")","casey"
"ObjectId(""593f10061caad86d2a61c7c2"")","eug1","4","ObjectId(""563bb418ace41fb06564abbd"")","ingmar"
"ObjectId(""593f10511caad86d2a61c7c3"")","eug15","4","ObjectId(""563bb418ace41fb06564abbd"")","ingmar"
"ObjectId(""593f109f1caad86d2a61c7c4"")","eug16","5","ObjectId(""563bb418ace41fb06564abbd"")","ingmar"
"ObjectId(""593f11771caad86d2a61c7c5"")","eug0","1","ObjectId(""563bb418ace41fb06564abbd"")","ingmar"
"ObjectId(""59403bb81caad86d2a61c7cd"")","eug0","4","ObjectId(""563abd7932804ebd6f70152e"")","casey"
"ObjectId(""59403c171caad86d2a61c7ce"")","eug1","4","ObjectId(""563abd7932804ebd6f70152e"")","casey"
"ObjectId(""59403c781caad86d2a61c7cf"")","eug15","3","ObjectId(""563abd7932804ebd6f70152e"")","casey"
"ObjectId(""594046171caad86d2a61c7d0"")","eug16","5","ObjectId(""563abd7932804ebd6f70152e"")","casey"
"ObjectId(""5940d45a1caad86d2a61c7d1"")","eug1","3","ObjectId(""563bb418ace41fb06564abbd"")","ingmar"
"ObjectId(""5940d4a31caad86d2a61c7d2"")","eug16","5","ObjectId(""563bb418ace41fb06564abbd"")","ingmar"
"ObjectId(""59417d531caad86d2a61c7d3"")","eug3","1","ObjectId(""563abd7932804ebd6f70152e"")","casey"
"ObjectId(""59417d9f1caad86d2a61c7d4"")","eug3","4","ObjectId(""563abd7932804ebd6f70152e"")","casey"
"ObjectId(""594182a41caad86d2a61c7d5"")","eug1","4","ObjectId(""563abd7932804ebd6f70152e"")","casey"
"ObjectId(""594184291caad86d2a61c7d6"")","eug15","4","ObjectId(""563abd7932804ebd6f70152e"")","casey"
"ObjectId(""594184761caad86d2a61c7d7"")","eug16","5","ObjectId(""563abd7932804ebd6f70152e"")","casey"
"ObjectId(""594184eb1caad86d2a61c7d8"")","eug3","1","ObjectId(""563abd7932804ebd6f70152e"")","casey"
"ObjectId(""5941abf71caad86d2a61c7df"")","eug16","5","ObjectId(""563abd7932804ebd6f70152e"")","casey"
"ObjectId(""5941b5531caad86d2a61c7e0"")","eug0","3","ObjectId(""563abd7932804ebd6f70152e"")","casey"
"ObjectId(""59422fd21caad86d2a61c7e4"")","eug15","4","ObjectId(""59422ec01caad86d2a61c7e1"")","Sorolt"
"ObjectId(""5942e5e21caad86d2a61c7e5"")","eug16","5","ObjectId(""563abd7932804ebd6f70152e"")","casey"
"ObjectId(""5942f1501caad86d2a61c7e6"")","eug16","4","ObjectId(""563abd7932804ebd6f70152e"")","casey"
"ObjectId(""5942f3a41caad86d2a61c7e7"")","eug16","5","ObjectId(""563abd7932804ebd6f70152e"")","casey"
"ObjectId(""59431dc51caad86d2a61c7ea"")","eug16","1","ObjectId(""587eadef6e940b815f8dd66c"")","trumu"
"ObjectId(""59431e111caad86d2a61c7eb"")","eug0","2","ObjectId(""563abd7932804ebd6f70152e"")","casey"
"ObjectId(""594320f91caad86d2a61c7ec"")","eug1","3","ObjectId(""563abd7932804ebd6f70152e"")","casey"
"ObjectId(""594321491caad86d2a61c7ed"")","eug15","3","ObjectId(""563abd7932804ebd6f70152e"")","casey"
"ObjectId(""5943219e1caad86d2a61c7ee"")","eug16","5","ObjectId(""563abd7932804ebd6f70152e"")","casey"
"ObjectId(""59441c661caad86d2a61c7f2"")","eug0","1","ObjectId(""563abd7932804ebd6f70152e"")","casey"
"ObjectId(""59441cbc1caad86d2a61c7f3"")","eug1","4","ObjectId(""563abd7932804ebd6f70152e"")","casey"
"ObjectId(""59441d241caad86d2a61c7f4"")","eug15","2","ObjectId(""563abd7932804ebd6f70152e"")","casey"
"ObjectId(""59441d6d1caad86d2a61c7f5"")","eug16","5","ObjectId(""563abd7932804ebd6f70152e"")","casey"
"ObjectId(""594462671caad86d2a61c7f6"")","eug15","1","ObjectId(""587eadef6e940b815f8dd66c"")","trumu"
"ObjectId(""5945327f1caad86d2a61c801"")","eug16","1","ObjectId(""594531161caad86d2a61c7fd"")","mrazomej"
"ObjectId(""594533011caad86d2a61c802"")","eug1","1","ObjectId(""594531161caad86d2a61c7fd"")","mrazomej"
"ObjectId(""594854b21caad86d2a61c80f"")","eug0","5","ObjectId(""563abd7932804ebd6f70152e"")","casey"
"ObjectId(""594b20bb1caad86d2a61c825"")","null","3","ObjectId(""594b203f1caad86d2a61c822"")","bckmster"
"ObjectId(""594dab171caad86d2a61c82c"")","eug16","5","ObjectId(""563abd7932804ebd6f70152e"")","casey"
"ObjectId(""595361c381924f4755b94ab4"")","eug1","1","ObjectId(""59535ecf81924f4755b94ab1"")","uhernand"
"ObjectId(""5956bee5335093f6413a935a"")","eug1","4","ObjectId(""5956be31335093f6413a9357"")","kam_exe"
"ObjectId(""5956c0da335093f6413a935b"")","eug15","4","ObjectId(""5956be31335093f6413a9357"")","kam_exe"
"ObjectId(""595a81dd335093f6413a9361"")","eug1","4","ObjectId(""563bb418ace41fb06564abbd"")","ingmar"
"ObjectId(""595a842d335093f6413a9362"")","eug0","1","ObjectId(""563bb418ace41fb06564abbd"")","ingmar"
"ObjectId(""595ad9be335093f6413a9363"")","eug1","5","ObjectId(""563abd7932804ebd6f70152e"")","casey"
"ObjectId(""595ada1c335093f6413a9364"")","eug15","5","ObjectId(""563abd7932804ebd6f70152e"")","casey"
"ObjectId(""595ada66335093f6413a9365"")","eug16","5","ObjectId(""563abd7932804ebd6f70152e"")","casey"
"ObjectId(""595bf24f335093f6413a9367"")","eug0","5","ObjectId(""563abd7932804ebd6f70152e"")","casey"
"ObjectId(""595bf2a3335093f6413a9368"")","eug1","3","ObjectId(""563abd7932804ebd6f70152e"")","casey"
"ObjectId(""595bf2f7335093f6413a9369"")","eug15","4","ObjectId(""563abd7932804ebd6f70152e"")","casey"
"ObjectId(""595bf347335093f6413a936a"")","eug16","4","ObjectId(""563abd7932804ebd6f70152e"")","casey"
"ObjectId(""595d5982335093f6413a9370"")","eug0","3","ObjectId(""563abd7932804ebd6f70152e"")","casey"
"ObjectId(""595d59f1335093f6413a9371"")","eug1","4","ObjectId(""563abd7932804ebd6f70152e"")","casey"
"ObjectId(""595d5a46335093f6413a9372"")","eug15","3","ObjectId(""563abd7932804ebd6f70152e"")","casey"
"ObjectId(""595d5a90335093f6413a9373"")","eug16","5","ObjectId(""563abd7932804ebd6f70152e"")","casey"
"ObjectId(""595e7b17335093f6413a9374"")","eug3","3","ObjectId(""563abd7932804ebd6f70152e"")","casey"
"ObjectId(""595ea4de335093f6413a9375"")","eug0","4","ObjectId(""563abd7932804ebd6f70152e"")","casey"
"ObjectId(""595ea52c335093f6413a9376"")","eug1","4","ObjectId(""563abd7932804ebd6f70152e"")","casey"
"ObjectId(""595ea57d335093f6413a9377"")","eug15","5","ObjectId(""563abd7932804ebd6f70152e"")","casey"
"ObjectId(""595ea5cc335093f6413a9378"")","eug16","4","ObjectId(""563abd7932804ebd6f70152e"")","casey"
"ObjectId(""595eca54335093f6413a938e"")","eug15","5","ObjectId(""595ec9e3335093f6413a937b"")","maricel"
"ObjectId(""595ecac6335093f6413a9392"")","eug16","1","ObjectId(""595eca09335093f6413a9384"")","Marissa"
"ObjectId(""595ecafa335093f6413a9393"")","eug0","5","ObjectId(""595ec9e3335093f6413a937b"")","maricel"
"ObjectId(""595ecb0f335093f6413a9394"")","eug15","5","ObjectId(""595ec9e2335093f6413a9379"")","toniacasarin"
"ObjectId(""595ecb45335093f6413a9395"")","eug1","3","ObjectId(""595ec9f8335093f6413a937f"")","Jamila"
"ObjectId(""595ecb6d335093f6413a9396"")","eug15","2","ObjectId(""595ecaa1335093f6413a938f"")","coldsmoke"
"ObjectId(""595ecba8335093f6413a9397"")","eug1","1","ObjectId(""595eca09335093f6413a9384"")","Marissa"
"ObjectId(""595ecbcb335093f6413a9398"")","eug16","5","ObjectId(""595ec9e2335093f6413a9379"")","toniacasarin"
"ObjectId(""595ecbf0335093f6413a9399"")","eug1","5","ObjectId(""595ec9e3335093f6413a937b"")","maricel"
"ObjectId(""595ecc2f335093f6413a939a"")","eug0","2","ObjectId(""595eca09335093f6413a9384"")","Marissa"
"ObjectId(""595ecc4d335093f6413a939b"")","eug15","4","ObjectId(""595ec9e3335093f6413a937b"")","maricel"
"ObjectId(""595eccd5335093f6413a939f"")","eug16","3","ObjectId(""595ecaa1335093f6413a938f"")","coldsmoke"
"ObjectId(""595ecd87335093f6413a93a0"")","eug1","2","ObjectId(""595eca09335093f6413a9384"")","Marissa"
"ObjectId(""595ed193335093f6413a93bb"")","eug0","1","ObjectId(""595ed089335093f6413a93a4"")","yukihanyu"
"ObjectId(""595ed228335093f6413a93bc"")","eug16","5","ObjectId(""595ed0cf335093f6413a93ae"")","fdelia"
"ObjectId(""595ed232335093f6413a93bd"")","eug16","5","ObjectId(""595ed089335093f6413a93a4"")","yukihanyu"
"ObjectId(""595ed31a335093f6413a93be"")","eug16","5","ObjectId(""595ed089335093f6413a93a4"")","yukihanyu"
"ObjectId(""595ed3ae335093f6413a93bf"")","eug16","5","ObjectId(""595ed08231d5acf32095172f"")","EndElv"
"ObjectId(""595ed824335093f6413a93cd"")","eug16","5","ObjectId(""595ed659335093f6413a93c0"")","angie"
"ObjectId(""595f9a6d335093f6413a93d1"")","eug16","3","ObjectId(""595f99a9335093f6413a93ce"")","gcambray"
"ObjectId(""595f9adf335093f6413a93d2"")","eug1","2","ObjectId(""595f99a9335093f6413a93ce"")","gcambray"
"ObjectId(""595fc39e335093f6413a93d3"")","eug0","3","ObjectId(""563abd7932804ebd6f70152e"")","casey"
"ObjectId(""595fc3fc335093f6413a93d5"")","eug1","2","ObjectId(""563abd7932804ebd6f70152e"")","casey"
"ObjectId(""595fc44d335093f6413a93d6"")","eug15","5","ObjectId(""563abd7932804ebd6f70152e"")","casey"
"ObjectId(""595fc4a4335093f6413a93d7"")","eug16","5","ObjectId(""563abd7932804ebd6f70152e"")","casey"
"ObjectId(""5962e3cb335093f6413a93da"")","eug0","5","ObjectId(""563abd7932804ebd6f70152e"")","casey"
"ObjectId(""5962e430335093f6413a93db"")","eug1","5","ObjectId(""563abd7932804ebd6f70152e"")","casey"
"ObjectId(""5962e47d335093f6413a93dc"")","eug15","4","ObjectId(""563abd7932804ebd6f70152e"")","casey"
"ObjectId(""5962e4cb335093f6413a93dd"")","eug16","4","ObjectId(""563abd7932804ebd6f70152e"")","casey"
"ObjectId(""5963ee8f335093f6413a93e8"")","eug0","3","ObjectId(""563abd7932804ebd6f70152e"")","casey"
"ObjectId(""5963eef0335093f6413a93e9"")","eug1","4","ObjectId(""563abd7932804ebd6f70152e"")","casey"
"ObjectId(""5963ef48335093f6413a93ea"")","eug15","5","ObjectId(""563abd7932804ebd6f70152e"")","casey"
"ObjectId(""5963efa3335093f6413a93eb"")","eug16","4","ObjectId(""563abd7932804ebd6f70152e"")","casey"
"ObjectId(""59651155335093f6413a93ee"")","eug0","2","ObjectId(""563abd7932804ebd6f70152e"")","casey"
"ObjectId(""596511cc335093f6413a93ef"")","eug1","3","ObjectId(""563abd7932804ebd6f70152e"")","casey"
"ObjectId(""59651217335093f6413a93f0"")","eug15","4","ObjectId(""563abd7932804ebd6f70152e"")","casey"
"ObjectId(""59651265335093f6413a93f1"")","eug16","4","ObjectId(""563abd7932804ebd6f70152e"")","casey"
"ObjectId(""59666c4d335093f6413a93f5"")","eug0","2","ObjectId(""563abd7932804ebd6f70152e"")","casey"
"ObjectId(""59666ca2335093f6413a93f6"")","eug1","3","ObjectId(""563abd7932804ebd6f70152e"")","casey"
"ObjectId(""59666cf0335093f6413a93f7"")","eug15","5","ObjectId(""563abd7932804ebd6f70152e"")","casey"
"ObjectId(""59666d3d335093f6413a93f8"")","eug16","5","ObjectId(""563abd7932804ebd6f70152e"")","casey"
"ObjectId(""5967dc63335093f6413a940c"")","eug0","3","ObjectId(""563abd7932804ebd6f70152e"")","casey"
"ObjectId(""5967dcb7335093f6413a940d"")","eug1","3","ObjectId(""563abd7932804ebd6f70152e"")","casey"
"ObjectId(""5967dd0f335093f6413a940e"")","eug15","5","ObjectId(""563abd7932804ebd6f70152e"")","casey"
"ObjectId(""5967dd5d335093f6413a940f"")","eug16","5","ObjectId(""563abd7932804ebd6f70152e"")","casey"
"ObjectId(""5968ead7335093f6413a9414"")","eug0","2","ObjectId(""563abd7932804ebd6f70152e"")","casey"
"ObjectId(""5968eb54335093f6413a9415"")","eug1","3","ObjectId(""563abd7932804ebd6f70152e"")","casey"
"ObjectId(""5968ebba335093f6413a9416"")","eug3","3","ObjectId(""563abd7932804ebd6f70152e"")","casey"
"ObjectId(""5968ec18335093f6413a9417"")","eug15","5","ObjectId(""563abd7932804ebd6f70152e"")","casey"
"ObjectId(""5968ecaf335093f6413a9418"")","eug16","5","ObjectId(""563abd7932804ebd6f70152e"")","casey"
"ObjectId(""596bde67335093f6413a9427"")","eug0","1","ObjectId(""563abd7932804ebd6f70152e"")","casey"
"ObjectId(""596bdeb8335093f6413a9428"")","eug1","1","ObjectId(""563abd7932804ebd6f70152e"")","casey"
"ObjectId(""596bdf08335093f6413a9429"")","eug3","3","ObjectId(""563abd7932804ebd6f70152e"")","casey"
"ObjectId(""596bdf54335093f6413a942a"")","eug15","5","ObjectId(""563abd7932804ebd6f70152e"")","casey"
"ObjectId(""596bdf9f335093f6413a942b"")","eug16","5","ObjectId(""563abd7932804ebd6f70152e"")","casey"
"ObjectId(""596ced23335093f6413a9432"")","eug0","1","ObjectId(""563abd7932804ebd6f70152e"")","casey"
"ObjectId(""596ced6c335093f6413a9433"")","eug1","1","ObjectId(""563abd7932804ebd6f70152e"")","casey"
"ObjectId(""596cedb9335093f6413a9434"")","eug3","3","ObjectId(""563abd7932804ebd6f70152e"")","casey"
"ObjectId(""596cee0b335093f6413a9435"")","eug15","5","ObjectId(""563abd7932804ebd6f70152e"")","casey"
"ObjectId(""596ceebb335093f6413a9436"")","eug16","5","ObjectId(""563abd7932804ebd6f70152e"")","casey"
"ObjectId(""596e47f3335093f6413a943f"")","eug0","1","ObjectId(""563abd7932804ebd6f70152e"")","casey"
"ObjectId(""596e483d335093f6413a9440"")","eug1","1","ObjectId(""563abd7932804ebd6f70152e"")","casey"
"ObjectId(""596e488a335093f6413a9441"")","eug3","4","ObjectId(""563abd7932804ebd6f70152e"")","casey"
"ObjectId(""596e48d6335093f6413a9442"")","eug15","5","ObjectId(""563abd7932804ebd6f70152e"")","casey"
"ObjectId(""596e4924335093f6413a9443"")","eug16","5","ObjectId(""563abd7932804ebd6f70152e"")","casey"
"ObjectId(""596f839c335093f6413a9449"")","eug0","4","ObjectId(""563abd7932804ebd6f70152e"")","casey"
"ObjectId(""596f83e6335093f6413a944a"")","eug1","4","ObjectId(""563abd7932804ebd6f70152e"")","casey"
"ObjectId(""596f842f335093f6413a944b"")","eug3","4","ObjectId(""563abd7932804ebd6f70152e"")","casey"
"ObjectId(""596f8479335093f6413a944c"")","eug15","5","ObjectId(""563abd7932804ebd6f70152e"")","casey"
"ObjectId(""596f84ce335093f6413a944d"")","eug16","4","ObjectId(""563abd7932804ebd6f70152e"")","casey"
"ObjectId(""59712c7ed94fd5ef13ff32dc"")","eug0","3","ObjectId(""563abd7932804ebd6f70152e"")","casey"
"ObjectId(""59712ccbd94fd5ef13ff32dd"")","eug1","2","ObjectId(""563abd7932804ebd6f70152e"")","casey"
"ObjectId(""59712d17d94fd5ef13ff32de"")","eug3","4","ObjectId(""563abd7932804ebd6f70152e"")","casey"
"ObjectId(""59712d62d94fd5ef13ff32df"")","eug15","5","ObjectId(""563abd7932804ebd6f70152e"")","casey"
"ObjectId(""59712db2d94fd5ef13ff32e0"")","eug16","4","ObjectId(""563abd7932804ebd6f70152e"")","casey"
"ObjectId(""597245dcaa72ba3148833e12"")","eug0","3","ObjectId(""563abd7932804ebd6f70152e"")","casey"
"ObjectId(""59724632aa72ba3148833e13"")","eug1","3","ObjectId(""563abd7932804ebd6f70152e"")","casey"
"ObjectId(""59724688aa72ba3148833e14"")","eug3","5","ObjectId(""563abd7932804ebd6f70152e"")","casey"
"ObjectId(""597246d4aa72ba3148833e15"")","eug15","5","ObjectId(""563abd7932804ebd6f70152e"")","casey"
"ObjectId(""59724722aa72ba3148833e16"")","eug16","4","ObjectId(""563abd7932804ebd6f70152e"")","casey"
"ObjectId(""597558ffaa72ba3148833e17"")","eug0","1","ObjectId(""563abd7932804ebd6f70152e"")","casey"
"ObjectId(""5975596daa72ba3148833e18"")","eug1","1","ObjectId(""563abd7932804ebd6f70152e"")","casey"
"ObjectId(""597559daaa72ba3148833e19"")","eug3","4","ObjectId(""563abd7932804ebd6f70152e"")","casey"
"ObjectId(""59755a2baa72ba3148833e1a"")","eug15","5","ObjectId(""563abd7932804ebd6f70152e"")","casey"
"ObjectId(""59755a78aa72ba3148833e1b"")","eug16","4","ObjectId(""563abd7932804ebd6f70152e"")","casey"
"ObjectId(""597639ccaa72ba3148833e1f"")","eug0","2","ObjectId(""58295ba579babea371ef32e2"")","peterwashington"
"ObjectId(""59763a15aa72ba3148833e20"")","eug1","1","ObjectId(""58295ba579babea371ef32e2"")","peterwashington"
"ObjectId(""59763a62aa72ba3148833e21"")","eug3","4","ObjectId(""58295ba579babea371ef32e2"")","peterwashington"
"ObjectId(""59763ab6aa72ba3148833e22"")","eug15","4","ObjectId(""58295ba579babea371ef32e2"")","peterwashington"
"ObjectId(""59763b09aa72ba3148833e23"")","eug16","4","ObjectId(""58295ba579babea371ef32e2"")","peterwashington"
"ObjectId(""59777a0c8325127d135ec238"")","eug0","2","ObjectId(""58295ba579babea371ef32e2"")","peterwashington"
"ObjectId(""59777abd8325127d135ec239"")","eug1","1","ObjectId(""58295ba579babea371ef32e2"")","peterwashington"
"ObjectId(""59777b588325127d135ec23a"")","eug3","4","ObjectId(""58295ba579babea371ef32e2"")","peterwashington"
"ObjectId(""597780478325127d135ec23b"")","eug15","5","ObjectId(""58295ba579babea371ef32e2"")","peterwashington"
"ObjectId(""597780a58325127d135ec23c"")","eug16","5","ObjectId(""58295ba579babea371ef32e2"")","peterwashington"
"ObjectId(""5978c7618325127d135ec242"")","eug0","4","ObjectId(""58295ba579babea371ef32e2"")","peterwashington"
"ObjectId(""5978c7ae8325127d135ec243"")","eug1","1","ObjectId(""58295ba579babea371ef32e2"")","peterwashington"
"ObjectId(""5978c7fa8325127d135ec244"")","eug3","4","ObjectId(""58295ba579babea371ef32e2"")","peterwashington"
"ObjectId(""5978c8498325127d135ec245"")","eug15","5","ObjectId(""58295ba579babea371ef32e2"")","peterwashington"
"ObjectId(""5978c89c8325127d135ec246"")","eug16","5","ObjectId(""58295ba579babea371ef32e2"")","peterwashington"
"ObjectId(""597a6d788325127d135ec24d"")","eug0","3","ObjectId(""58295ba579babea371ef32e2"")","peterwashington"
"ObjectId(""597a6dce8325127d135ec24e"")","eug1","2","ObjectId(""58295ba579babea371ef32e2"")","peterwashington"
"ObjectId(""597a6e158325127d135ec24f"")","eug3","4","ObjectId(""58295ba579babea371ef32e2"")","peterwashington"
"ObjectId(""597a6e5d8325127d135ec250"")","eug15","5","ObjectId(""58295ba579babea371ef32e2"")","peterwashington"
"ObjectId(""597a6eb28325127d135ec251"")","eug16","5","ObjectId(""58295ba579babea371ef32e2"")","peterwashington"
"ObjectId(""597b76298325127d135ec255"")","eug0","2","ObjectId(""58295ba579babea371ef32e2"")","peterwashington"
"ObjectId(""597b76a18325127d135ec256"")","eug3","4","ObjectId(""58295ba579babea371ef32e2"")","peterwashington"
"ObjectId(""597b779d8325127d135ec257"")","eug1","2","ObjectId(""58295ba579babea371ef32e2"")","peterwashington"
"ObjectId(""597b77f98325127d135ec258"")","eug15","5","ObjectId(""58295ba579babea371ef32e2"")","peterwashington"
"ObjectId(""597b78498325127d135ec259"")","eug16","4","ObjectId(""58295ba579babea371ef32e2"")","peterwashington"
"ObjectId(""597d47fe8325127d135ec25d"")","eug0","3","ObjectId(""58295ba579babea371ef32e2"")","peterwashington"
"ObjectId(""597d48548325127d135ec25e"")","eug1","3","ObjectId(""58295ba579babea371ef32e2"")","peterwashington"
"ObjectId(""597d48bf8325127d135ec25f"")","eug3","5","ObjectId(""58295ba579babea371ef32e2"")","peterwashington"
"ObjectId(""597d49778325127d135ec260"")","eug15","5","ObjectId(""58295ba579babea371ef32e2"")","peterwashington"
"ObjectId(""597d4a098325127d135ec261"")","eug16","4","ObjectId(""58295ba579babea371ef32e2"")","peterwashington"
"ObjectId(""597e501c8325127d135ec262"")","eug0","3","ObjectId(""58295ba579babea371ef32e2"")","peterwashington"
"ObjectId(""597e513c8325127d135ec263"")","eug1","3","ObjectId(""58295ba579babea371ef32e2"")","peterwashington"
"ObjectId(""597e51938325127d135ec264"")","eug3","4","ObjectId(""58295ba579babea371ef32e2"")","peterwashington"
"ObjectId(""597e51f28325127d135ec265"")","eug15","5","ObjectId(""58295ba579babea371ef32e2"")","peterwashington"
"ObjectId(""597e52438325127d135ec266"")","eug16","4","ObjectId(""58295ba579babea371ef32e2"")","peterwashington"
"ObjectId(""597f5e398325127d135ec267"")","eug0","3","ObjectId(""58295ba579babea371ef32e2"")","peterwashington"
"ObjectId(""597f5e868325127d135ec268"")","eug1","2","ObjectId(""58295ba579babea371ef32e2"")","peterwashington"
"ObjectId(""597f5eea8325127d135ec269"")","eug3","4","ObjectId(""58295ba579babea371ef32e2"")","peterwashington"
"ObjectId(""597f5f4d8325127d135ec26a"")","eug15","4","ObjectId(""58295ba579babea371ef32e2"")","peterwashington"
"ObjectId(""597f5fa48325127d135ec26b"")","eug16","4","ObjectId(""58295ba579babea371ef32e2"")","peterwashington"
"ObjectId(""59809bec8325127d135ec26e"")","eug16","4","ObjectId(""563bb418ace41fb06564abbd"")","ingmar"
"ObjectId(""59809cb78325127d135ec26f"")","eug3","4","ObjectId(""563bb418ace41fb06564abbd"")","ingmar"
"ObjectId(""59809d268325127d135ec270"")","eug15","4","ObjectId(""563bb418ace41fb06564abbd"")","ingmar"
"ObjectId(""59809d818325127d135ec271"")","eug1","1","ObjectId(""563bb418ace41fb06564abbd"")","ingmar"
"ObjectId(""59809dee8325127d135ec272"")","eug0","1","ObjectId(""563bb418ace41fb06564abbd"")","ingmar"
"ObjectId(""5980be0f8325127d135ec273"")","eug0","3","ObjectId(""58295ba579babea371ef32e2"")","peterwashington"
"ObjectId(""5980be698325127d135ec274"")","eug1","1","ObjectId(""58295ba579babea371ef32e2"")","peterwashington"
"ObjectId(""5980beb48325127d135ec275"")","eug3","3","ObjectId(""58295ba579babea371ef32e2"")","peterwashington"
"ObjectId(""5980bf008325127d135ec276"")","eug15","5","ObjectId(""58295ba579babea371ef32e2"")","peterwashington"
"ObjectId(""5980bf508325127d135ec277"")","eug16","4","ObjectId(""58295ba579babea371ef32e2"")","peterwashington"
"ObjectId(""59821c718325127d135ec279"")","eug0","2","ObjectId(""58295ba579babea371ef32e2"")","peterwashington"
"ObjectId(""59821cbd8325127d135ec27a"")","eug1","2","ObjectId(""58295ba579babea371ef32e2"")","peterwashington"
"ObjectId(""59821d208325127d135ec27b"")","eug3","4","ObjectId(""58295ba579babea371ef32e2"")","peterwashington"
"ObjectId(""59821d7c8325127d135ec27c"")","eug15","5","ObjectId(""58295ba579babea371ef32e2"")","peterwashington"
"ObjectId(""59821dc58325127d135ec27d"")","eug16","5","ObjectId(""58295ba579babea371ef32e2"")","peterwashington"
"ObjectId(""5983773d8325127d135ec281"")","eug0","1","ObjectId(""58295ba579babea371ef32e2"")","peterwashington"
"ObjectId(""59839ea48325127d135ec283"")","eug1","1","ObjectId(""58295ba579babea371ef32e2"")","peterwashington"
"ObjectId(""59839f0b8325127d135ec284"")","eug3","4","ObjectId(""58295ba579babea371ef32e2"")","peterwashington"
"ObjectId(""59839f5b8325127d135ec285"")","eug15","4","ObjectId(""58295ba579babea371ef32e2"")","peterwashington"
"ObjectId(""59839fa88325127d135ec286"")","eug16","4","ObjectId(""58295ba579babea371ef32e2"")","peterwashington"
"ObjectId(""5984add78325127d135ec287"")","eug0","3","ObjectId(""58295ba579babea371ef32e2"")","peterwashington"
"ObjectId(""5984ae258325127d135ec288"")","eug1","1","ObjectId(""58295ba579babea371ef32e2"")","peterwashington"
"ObjectId(""5984ae868325127d135ec289"")","eug3","4","ObjectId(""58295ba579babea371ef32e2"")","peterwashington"
"ObjectId(""5984aedb8325127d135ec28a"")","eug15","5","ObjectId(""58295ba579babea371ef32e2"")","peterwashington"
"ObjectId(""5984af308325127d135ec28b"")","eug16","5","ObjectId(""58295ba579babea371ef32e2"")","peterwashington"
"ObjectId(""5985e1dc8325127d135ec28c"")","eug0","2","ObjectId(""58295ba579babea371ef32e2"")","peterwashington"
"ObjectId(""5985e2da8325127d135ec28d"")","eug1","2","ObjectId(""58295ba579babea371ef32e2"")","peterwashington"
"ObjectId(""5985e32d8325127d135ec28e"")","eug3","4","ObjectId(""58295ba579babea371ef32e2"")","peterwashington"
"ObjectId(""5985e3948325127d135ec28f"")","eug15","5","ObjectId(""58295ba579babea371ef32e2"")","peterwashington"
"ObjectId(""5985e3e68325127d135ec290"")","eug16","5","ObjectId(""58295ba579babea371ef32e2"")","peterwashington"
"ObjectId(""59873e058325127d135ec292"")","eug0","4","ObjectId(""563abd7932804ebd6f70152e"")","casey"
"ObjectId(""59873e648325127d135ec293"")","eug1","1","ObjectId(""563abd7932804ebd6f70152e"")","casey"
"ObjectId(""59873ed18325127d135ec294"")","eug3","4","ObjectId(""563abd7932804ebd6f70152e"")","casey"
"ObjectId(""59873f4a8325127d135ec295"")","eug15","5","ObjectId(""563abd7932804ebd6f70152e"")","casey"
"ObjectId(""59873fb58325127d135ec296"")","eug16","5","ObjectId(""563abd7932804ebd6f70152e"")","casey"
"ObjectId(""59883f4b8325127d135ec299"")","eug0","5","ObjectId(""57ecd7bc739a41bc0f9e39e1"")","manolo1130"
"ObjectId(""5988413d8325127d135ec29a"")","eug16","5","ObjectId(""57ecd7bc739a41bc0f9e39e1"")","manolo1130"
"ObjectId(""598845198325127d135ec29b"")","eug1","5","ObjectId(""57ecd7bc739a41bc0f9e39e1"")","manolo1130"
"ObjectId(""598845fe8325127d135ec29c"")","eug3","5","ObjectId(""57ecd7bc739a41bc0f9e39e1"")","manolo1130"
"ObjectId(""598846488325127d135ec29d"")","eug3","5","ObjectId(""57ecd7bc739a41bc0f9e39e1"")","manolo1130"
"ObjectId(""598848d18325127d135ec29e"")","eug15","5","ObjectId(""57ecd7bc739a41bc0f9e39e1"")","manolo1130"
"ObjectId(""5988491d8325127d135ec29f"")","eug1","5","ObjectId(""57ecd7bc739a41bc0f9e39e1"")","manolo1130"
"ObjectId(""598849688325127d135ec2a0"")","eug0","5","ObjectId(""57ecd7bc739a41bc0f9e39e1"")","manolo1130"
"ObjectId(""59889eac8325127d135ec2a4"")","eug0","2","ObjectId(""563abd7932804ebd6f70152e"")","casey"
"ObjectId(""59889f008325127d135ec2a5"")","eug1","2","ObjectId(""563abd7932804ebd6f70152e"")","casey"
"ObjectId(""59889f668325127d135ec2a6"")","eug3","3","ObjectId(""563abd7932804ebd6f70152e"")","casey"
"ObjectId(""59889fbf8325127d135ec2a7"")","eug15","5","ObjectId(""563abd7932804ebd6f70152e"")","casey"
"ObjectId(""5988a0098325127d135ec2a8"")","eug16","5","ObjectId(""563abd7932804ebd6f70152e"")","casey"
"ObjectId(""598a06308325127d135ec2ad"")","eug0","2","ObjectId(""563abd7932804ebd6f70152e"")","casey"
"ObjectId(""598a067a8325127d135ec2ae"")","eug1","1","ObjectId(""563abd7932804ebd6f70152e"")","casey"
"ObjectId(""598a06c38325127d135ec2af"")","eug3","3","ObjectId(""563abd7932804ebd6f70152e"")","casey"
"ObjectId(""598a07158325127d135ec2b0"")","eug15","5","ObjectId(""563abd7932804ebd6f70152e"")","casey"
"ObjectId(""598a07688325127d135ec2b1"")","eug16","4","ObjectId(""563abd7932804ebd6f70152e"")","casey"
"ObjectId(""598a35268325127d135ec2b6"")","eug15","4","ObjectId(""563bb418ace41fb06564abbd"")","ingmar"
"ObjectId(""598b42eb8325127d135ec2b8"")","eug0","3","ObjectId(""563abd7932804ebd6f70152e"")","casey"
"ObjectId(""598b43358325127d135ec2b9"")","eug1","1","ObjectId(""563abd7932804ebd6f70152e"")","casey"
"ObjectId(""598b43818325127d135ec2ba"")","eug3","3","ObjectId(""563abd7932804ebd6f70152e"")","casey"
"ObjectId(""598b43cd8325127d135ec2bb"")","eug15","5","ObjectId(""563abd7932804ebd6f70152e"")","casey"
"ObjectId(""598b44218325127d135ec2bc"")","eug16","4","ObjectId(""563abd7932804ebd6f70152e"")","casey"
"ObjectId(""598cf35a8325127d135ec2c0"")","eug0","3","ObjectId(""563abd7932804ebd6f70152e"")","casey"
"ObjectId(""598cf4718325127d135ec2c1"")","eug1","3","ObjectId(""563abd7932804ebd6f70152e"")","casey"
"ObjectId(""598cf50f8325127d135ec2c2"")","eug15","3","ObjectId(""563abd7932804ebd6f70152e"")","casey"
"ObjectId(""598cf55a8325127d135ec2c3"")","eug16","4","ObjectId(""563abd7932804ebd6f70152e"")","casey"
"ObjectId(""598de4658325127d135ec2c4"")","eug0","3","ObjectId(""563abd7932804ebd6f70152e"")","casey"
"ObjectId(""598de4b48325127d135ec2c5"")","eug1","2","ObjectId(""563abd7932804ebd6f70152e"")","casey"
"ObjectId(""598de4fe8325127d135ec2c6"")","eug3","4","ObjectId(""563abd7932804ebd6f70152e"")","casey"
"ObjectId(""598de5548325127d135ec2c7"")","eug15","4","ObjectId(""563abd7932804ebd6f70152e"")","casey"
"ObjectId(""598de5e18325127d135ec2c8"")","eug16","5","ObjectId(""563abd7932804ebd6f70152e"")","casey"
"ObjectId(""598e6d248325127d135ec2ca"")","eug1","5","ObjectId(""563abd7932804ebd6f70152e"")","casey"
"ObjectId(""598f353d8325127d135ec2cc"")","eug0","3","ObjectId(""563abd7932804ebd6f70152e"")","casey"
"ObjectId(""598f358f8325127d135ec2cd"")","eug1","2","ObjectId(""563abd7932804ebd6f70152e"")","casey"
"ObjectId(""598f35e88325127d135ec2ce"")","eug3","4","ObjectId(""563abd7932804ebd6f70152e"")","casey"
"ObjectId(""598f363b8325127d135ec2cf"")","eug15","5","ObjectId(""563abd7932804ebd6f70152e"")","casey"
"ObjectId(""598f36a08325127d135ec2d0"")","eug16","5","ObjectId(""563abd7932804ebd6f70152e"")","casey"
"ObjectId(""5990dd018325127d135ec2d4"")","eug0","2","ObjectId(""563abd7932804ebd6f70152e"")","casey"
"ObjectId(""5990dd4b8325127d135ec2d5"")","eug1","1","ObjectId(""563abd7932804ebd6f70152e"")","casey"
"ObjectId(""5990ddc88325127d135ec2d6"")","eug3","4","ObjectId(""563abd7932804ebd6f70152e"")","casey"
"ObjectId(""5990de148325127d135ec2d7"")","eug15","5","ObjectId(""563abd7932804ebd6f70152e"")","casey"
"ObjectId(""5990de6f8325127d135ec2d8"")","eug16","5","ObjectId(""563abd7932804ebd6f70152e"")","casey"
"ObjectId(""599186138325127d135ec2dc"")","null","5","ObjectId(""599185028325127d135ec2d9"")","Magnun"
"ObjectId(""5991d3348325127d135ec2dd"")","eug0","3","ObjectId(""563abd7932804ebd6f70152e"")","casey"
"ObjectId(""5991d3d48325127d135ec2de"")","eug1","2","ObjectId(""563abd7932804ebd6f70152e"")","casey"
"ObjectId(""5991d50e8325127d135ec2df"")","eug3","4","ObjectId(""563abd7932804ebd6f70152e"")","casey"
"ObjectId(""5991d5d08325127d135ec2e0"")","eug15","4","ObjectId(""563abd7932804ebd6f70152e"")","casey"
"ObjectId(""5991d61f8325127d135ec2e1"")","eug16","5","ObjectId(""563abd7932804ebd6f70152e"")","casey"
"ObjectId(""59930d8b8ada34896990f45e"")","eug0","3","ObjectId(""563abd7932804ebd6f70152e"")","casey"
"ObjectId(""59930dd68ada34896990f45f"")","eug1","3","ObjectId(""563abd7932804ebd6f70152e"")","casey"
"ObjectId(""59930e208ada34896990f460"")","eug3","4","ObjectId(""563abd7932804ebd6f70152e"")","casey"
"ObjectId(""59930e6d8ada34896990f461"")","eug15","4","ObjectId(""563abd7932804ebd6f70152e"")","casey"
"ObjectId(""59930ebc8ada34896990f462"")","eug16","5","ObjectId(""563abd7932804ebd6f70152e"")","casey"
"ObjectId(""59930f0f8ada34896990f463"")","eug4","3","ObjectId(""563abd7932804ebd6f70152e"")","casey"
"ObjectId(""59935dd58ada34896990f464"")","eug4","5","ObjectId(""563abd7932804ebd6f70152e"")","casey"
"ObjectId(""59949fb08ada34896990f469"")","eug0","5","ObjectId(""59949f098ada34896990f466"")","Kellymaureen6"
"ObjectId(""5994a0028ada34896990f46a"")","eug15","5","ObjectId(""59949f098ada34896990f466"")","Kellymaureen6"
"ObjectId(""5994a05e8ada34896990f46b"")","eug15","5","ObjectId(""59949f098ada34896990f466"")","Kellymaureen6"
"ObjectId(""5994c8f78ada34896990f46d"")","eug0","3","ObjectId(""563abd7932804ebd6f70152e"")","casey"
"ObjectId(""5994c9718ada34896990f46e"")","eug1","1","ObjectId(""563abd7932804ebd6f70152e"")","casey"
"ObjectId(""5994c9ba8ada34896990f46f"")","eug3","3","ObjectId(""563abd7932804ebd6f70152e"")","casey"
"ObjectId(""5994ca0b8ada34896990f470"")","eug15","4","ObjectId(""563abd7932804ebd6f70152e"")","casey"
"ObjectId(""5994ca5e8ada34896990f471"")","eug16","5","ObjectId(""563abd7932804ebd6f70152e"")","casey"
"ObjectId(""5994caa78ada34896990f472"")","eug4","3","ObjectId(""563abd7932804ebd6f70152e"")","casey"
"ObjectId(""5994caf48ada34896990f473"")","eug5","4","ObjectId(""563abd7932804ebd6f70152e"")","casey"
"ObjectId(""5994cb408ada34896990f474"")","eug6","3","ObjectId(""563abd7932804ebd6f70152e"")","casey"
"ObjectId(""5994cb8e8ada34896990f475"")","eug7","5","ObjectId(""563abd7932804ebd6f70152e"")","casey"
"ObjectId(""5994cc4e8ada34896990f476"")","eug8","5","ObjectId(""563abd7932804ebd6f70152e"")","casey"
"ObjectId(""5994cccd8ada34896990f477"")","eug9","5","ObjectId(""563abd7932804ebd6f70152e"")","casey"
"ObjectId(""5994cd178ada34896990f478"")","eug10","5","ObjectId(""563abd7932804ebd6f70152e"")","casey"
"ObjectId(""5995fe3b8ada34896990f479"")","eug0","4","ObjectId(""563abd7932804ebd6f70152e"")","casey"
"ObjectId(""5995ff018ada34896990f47a"")","eug1","4","ObjectId(""563abd7932804ebd6f70152e"")","casey"
"ObjectId(""5995ff4f8ada34896990f47b"")","eug3","4","ObjectId(""563abd7932804ebd6f70152e"")","casey"
"ObjectId(""5995fff18ada34896990f47c"")","eug15","3","ObjectId(""563abd7932804ebd6f70152e"")","casey"
"ObjectId(""599600468ada34896990f47d"")","eug16","5","ObjectId(""563abd7932804ebd6f70152e"")","casey"
"ObjectId(""5996008f8ada34896990f47e"")","eug4","5","ObjectId(""563abd7932804ebd6f70152e"")","casey"
"ObjectId(""599600dd8ada34896990f47f"")","eug5","3","ObjectId(""563abd7932804ebd6f70152e"")","casey"
"ObjectId(""599601328ada34896990f480"")","eug6","5","ObjectId(""563abd7932804ebd6f70152e"")","casey"
"ObjectId(""5996017e8ada34896990f481"")","eug7","1","ObjectId(""563abd7932804ebd6f70152e"")","casey"
"ObjectId(""599601d08ada34896990f482"")","eug8","3","ObjectId(""563abd7932804ebd6f70152e"")","casey"
"ObjectId(""599602268ada34896990f483"")","eug9","4","ObjectId(""563abd7932804ebd6f70152e"")","casey"
"ObjectId(""5996027b8ada34896990f484"")","eug10","5","ObjectId(""563abd7932804ebd6f70152e"")","casey"
"ObjectId(""599627218ada34896990f485"")","eug0","4","ObjectId(""563abd7932804ebd6f70152e"")","casey"
"ObjectId(""5997323f8ada34896990f486"")","eug0","4","ObjectId(""563abd7932804ebd6f70152e"")","casey"
"ObjectId(""599733088ada34896990f487"")","eug1","2","ObjectId(""563abd7932804ebd6f70152e"")","casey"
"ObjectId(""5997335f8ada34896990f488"")","eug3","3","ObjectId(""563abd7932804ebd6f70152e"")","casey"
"ObjectId(""599733b78ada34896990f489"")","eug15","3","ObjectId(""563abd7932804ebd6f70152e"")","casey"
"ObjectId(""5997340c8ada34896990f48a"")","eug16","4","ObjectId(""563abd7932804ebd6f70152e"")","casey"
"ObjectId(""599734578ada34896990f48b"")","eug4","4","ObjectId(""563abd7932804ebd6f70152e"")","casey"
"ObjectId(""599734a98ada34896990f48c"")","eug5","4","ObjectId(""563abd7932804ebd6f70152e"")","casey"
"ObjectId(""599734f68ada34896990f48d"")","eug6","3","ObjectId(""563abd7932804ebd6f70152e"")","casey"
"ObjectId(""599735448ada34896990f48e"")","eug7","1","ObjectId(""563abd7932804ebd6f70152e"")","casey"
"ObjectId(""599735918ada34896990f48f"")","eug8","4","ObjectId(""563abd7932804ebd6f70152e"")","casey"
"ObjectId(""599735e88ada34896990f490"")","eug9","5","ObjectId(""563abd7932804ebd6f70152e"")","casey"
"ObjectId(""599736398ada34896990f491"")","eug10","5","ObjectId(""563abd7932804ebd6f70152e"")","casey"
"ObjectId(""599868ff8ada34896990f492"")","eug0","4","ObjectId(""563abd7932804ebd6f70152e"")","casey"
"ObjectId(""5998694f8ada34896990f493"")","eug1","3","ObjectId(""563abd7932804ebd6f70152e"")","casey"
"ObjectId(""599869b48ada34896990f494"")","eug3","4","ObjectId(""563abd7932804ebd6f70152e"")","casey"
"ObjectId(""59986a208ada34896990f495"")","eug15","4","ObjectId(""563abd7932804ebd6f70152e"")","casey"
"ObjectId(""59986b408ada34896990f496"")","eug16","5","ObjectId(""563abd7932804ebd6f70152e"")","casey"
"ObjectId(""59986bb28ada34896990f497"")","eug4","5","ObjectId(""563abd7932804ebd6f70152e"")","casey"
"ObjectId(""59986c0c8ada34896990f498"")","eug5","4","ObjectId(""563abd7932804ebd6f70152e"")","casey"
"ObjectId(""5998d7598ada34896990f499"")","eug6","1","ObjectId(""563abd7932804ebd6f70152e"")","casey"
"ObjectId(""5998d7ad8ada34896990f49a"")","eug7","1","ObjectId(""563abd7932804ebd6f70152e"")","casey"
"ObjectId(""5998d80c8ada34896990f49b"")","eug8","4","ObjectId(""563abd7932804ebd6f70152e"")","casey"
"ObjectId(""5998d85a8ada34896990f49c"")","eug9","4","ObjectId(""563abd7932804ebd6f70152e"")","casey"
"ObjectId(""5998d8ba8ada34896990f49d"")","eug10","5","ObjectId(""563abd7932804ebd6f70152e"")","casey"
"ObjectId(""599a842f8ada34896990f4a0"")","eug0","3","ObjectId(""563abd7932804ebd6f70152e"")","casey"
"ObjectId(""599a84c58ada34896990f4a1"")","eug1","1","ObjectId(""563abd7932804ebd6f70152e"")","casey"
"ObjectId(""599a85a08ada34896990f4a2"")","eug3","4","ObjectId(""563abd7932804ebd6f70152e"")","casey"
"ObjectId(""599a85f58ada34896990f4a3"")","eug15","4","ObjectId(""563abd7932804ebd6f70152e"")","casey"
"ObjectId(""599a86518ada34896990f4a4"")","eug16","5","ObjectId(""563abd7932804ebd6f70152e"")","casey"
"ObjectId(""599a86a48ada34896990f4a5"")","eug4","5","ObjectId(""563abd7932804ebd6f70152e"")","casey"
"ObjectId(""599a87058ada34896990f4a6"")","eug5","5","ObjectId(""563abd7932804ebd6f70152e"")","casey"
"ObjectId(""599a87818ada34896990f4a7"")","eug6","1","ObjectId(""563abd7932804ebd6f70152e"")","casey"
"ObjectId(""599a88098ada34896990f4a8"")","eug7","1","ObjectId(""563abd7932804ebd6f70152e"")","casey"
"ObjectId(""599a88628ada34896990f4a9"")","eug8","4","ObjectId(""563abd7932804ebd6f70152e"")","casey"
"ObjectId(""599a89328ada34896990f4aa"")","eug9","4","ObjectId(""563abd7932804ebd6f70152e"")","casey"
"ObjectId(""599a89ac8ada34896990f4ab"")","eug10","5","ObjectId(""563abd7932804ebd6f70152e"")","casey"
"ObjectId(""599acfd48ada34896990f4ac"")","eug0","2","ObjectId(""563abd7932804ebd6f70152e"")","casey"
"ObjectId(""599ad01d8ada34896990f4ad"")","eug1","3","ObjectId(""563abd7932804ebd6f70152e"")","casey"
"ObjectId(""599ad06b8ada34896990f4ae"")","eug3","4","ObjectId(""563abd7932804ebd6f70152e"")","casey"
"ObjectId(""599ad0c18ada34896990f4af"")","eug15","3","ObjectId(""563abd7932804ebd6f70152e"")","casey"
"ObjectId(""599ad10b8ada34896990f4b0"")","eug16","5","ObjectId(""563abd7932804ebd6f70152e"")","casey"
"ObjectId(""599ad15e8ada34896990f4b1"")","eug4","4","ObjectId(""563abd7932804ebd6f70152e"")","casey"
"ObjectId(""599ad1a98ada34896990f4b2"")","eug5","3","ObjectId(""563abd7932804ebd6f70152e"")","casey"
"ObjectId(""599ad1f68ada34896990f4b3"")","eug6","1","ObjectId(""563abd7932804ebd6f70152e"")","casey"
"ObjectId(""599ad2448ada34896990f4b4"")","eug7","1","ObjectId(""563abd7932804ebd6f70152e"")","casey"
"ObjectId(""599ad2ce8ada34896990f4b5"")","eug8","4","ObjectId(""563abd7932804ebd6f70152e"")","casey"
"ObjectId(""599ad31c8ada34896990f4b6"")","eug9","5","ObjectId(""563abd7932804ebd6f70152e"")","casey"
"ObjectId(""599ad36d8ada34896990f4b7"")","eug10","5","ObjectId(""563abd7932804ebd6f70152e"")","casey"
"ObjectId(""599b6d5a8ada34896990f4c3"")","eug9","5","ObjectId(""587eadef6e940b815f8dd66c"")","trumu"
"ObjectId(""599c90f98ada34896990f4ca"")","eug0","1","ObjectId(""563abd7932804ebd6f70152e"")","casey"
"ObjectId(""599c91438ada34896990f4cb"")","eug1","4","ObjectId(""563abd7932804ebd6f70152e"")","casey"
"ObjectId(""599c91f58ada34896990f4cc"")","eug3","5","ObjectId(""563abd7932804ebd6f70152e"")","casey"
"ObjectId(""599c92428ada34896990f4cd"")","eug15","3","ObjectId(""563abd7932804ebd6f70152e"")","casey"
"ObjectId(""599c92918ada34896990f4ce"")","eug16","3","ObjectId(""563abd7932804ebd6f70152e"")","casey"
"ObjectId(""599c92ea8ada34896990f4cf"")","eug4","3","ObjectId(""563abd7932804ebd6f70152e"")","casey"
"ObjectId(""599c93368ada34896990f4d0"")","eug5","3","ObjectId(""563abd7932804ebd6f70152e"")","casey"
"ObjectId(""599c937f8ada34896990f4d1"")","eug6","3","ObjectId(""563abd7932804ebd6f70152e"")","casey"
"ObjectId(""599c93d48ada34896990f4d2"")","eug7","5","ObjectId(""563abd7932804ebd6f70152e"")","casey"
"ObjectId(""599c941e8ada34896990f4d3"")","eug8","3","ObjectId(""563abd7932804ebd6f70152e"")","casey"
"ObjectId(""599c946c8ada34896990f4d4"")","eug9","4","ObjectId(""563abd7932804ebd6f70152e"")","casey"
"ObjectId(""599c94bd8ada34896990f4d5"")","eug10","5","ObjectId(""563abd7932804ebd6f70152e"")","casey"
"ObjectId(""599db92d8ada34896990f4d7"")","eug0","2","ObjectId(""563abd7932804ebd6f70152e"")","casey"
"ObjectId(""599db9778ada34896990f4d8"")","eug1","4","ObjectId(""563abd7932804ebd6f70152e"")","casey"
"ObjectId(""599db9bf8ada34896990f4d9"")","eug3","5","ObjectId(""563abd7932804ebd6f70152e"")","casey"
"ObjectId(""599dba108ada34896990f4da"")","eug15","4","ObjectId(""563abd7932804ebd6f70152e"")","casey"
"ObjectId(""599dba678ada34896990f4db"")","eug16","3","ObjectId(""563abd7932804ebd6f70152e"")","casey"
"ObjectId(""599dbaea8ada34896990f4dc"")","eug4","3","ObjectId(""563abd7932804ebd6f70152e"")","casey"
"ObjectId(""599dbb3b8ada34896990f4dd"")","eug5","3","ObjectId(""563abd7932804ebd6f70152e"")","casey"
"ObjectId(""599dbb918ada34896990f4de"")","eug6","3","ObjectId(""563abd7932804ebd6f70152e"")","casey"
"ObjectId(""599dbbe88ada34896990f4df"")","eug7","2","ObjectId(""563abd7932804ebd6f70152e"")","casey"
"ObjectId(""599dbc398ada34896990f4e0"")","eug8","3","ObjectId(""563abd7932804ebd6f70152e"")","casey"
"ObjectId(""599dbc838ada34896990f4e1"")","eug9","3","ObjectId(""563abd7932804ebd6f70152e"")","casey"
"ObjectId(""599dbe268ada34896990f4e2"")","eug10","5","ObjectId(""563abd7932804ebd6f70152e"")","casey"
"ObjectId(""599de4f68ada34896990f4e3"")","eug3","5","ObjectId(""563bb418ace41fb06564abbd"")","ingmar"
"ObjectId(""599f4b10c551683c2831c88a"")","eug1","4","ObjectId(""563abd7932804ebd6f70152e"")","casey"
"ObjectId(""599f4ba8c551683c2831c88b"")","eug0","1","ObjectId(""563abd7932804ebd6f70152e"")","casey"
"ObjectId(""599f4c5fc551683c2831c88c"")","eug3","5","ObjectId(""563abd7932804ebd6f70152e"")","casey"
"ObjectId(""599f4cafc551683c2831c88d"")","eug15","4","ObjectId(""563abd7932804ebd6f70152e"")","casey"
"ObjectId(""599f4cfac551683c2831c88e"")","eug16","5","ObjectId(""563abd7932804ebd6f70152e"")","casey"
"ObjectId(""599f4e75c551683c2831c88f"")","eug4","5","ObjectId(""563abd7932804ebd6f70152e"")","casey"
"ObjectId(""599f4ed4c551683c2831c890"")","eug5","5","ObjectId(""563abd7932804ebd6f70152e"")","casey"
"ObjectId(""599f4fabc551683c2831c891"")","eug6","3","ObjectId(""563abd7932804ebd6f70152e"")","casey"
"ObjectId(""599f739c4150ca6d6feb2caf"")","eug7","2","ObjectId(""563abd7932804ebd6f70152e"")","casey"
"ObjectId(""599f73eb4150ca6d6feb2cb0"")","eug8","4","ObjectId(""563abd7932804ebd6f70152e"")","casey"
"ObjectId(""599f74364150ca6d6feb2cb1"")","eug9","3","ObjectId(""563abd7932804ebd6f70152e"")","casey"
"ObjectId(""599f74a64150ca6d6feb2cb2"")","eug10","4","ObjectId(""563abd7932804ebd6f70152e"")","casey"
"ObjectId(""59a055254150ca6d6feb2cb4"")","eug0","4","ObjectId(""563abd7932804ebd6f70152e"")","casey"
"ObjectId(""59a0556c4150ca6d6feb2cb5"")","eug1","4","ObjectId(""563abd7932804ebd6f70152e"")","casey"
"ObjectId(""59a056ed4150ca6d6feb2cb6"")","eug3","5","ObjectId(""563abd7932804ebd6f70152e"")","casey"
"ObjectId(""59a057414150ca6d6feb2cb7"")","eug15","4","ObjectId(""563abd7932804ebd6f70152e"")","casey"
"ObjectId(""59a058324150ca6d6feb2cb8"")","eug16","2","ObjectId(""563abd7932804ebd6f70152e"")","casey"
"ObjectId(""59a0588f4150ca6d6feb2cb9"")","eug4","5","ObjectId(""563abd7932804ebd6f70152e"")","casey"
"ObjectId(""59a058ec4150ca6d6feb2cba"")","eug5","3","ObjectId(""563abd7932804ebd6f70152e"")","casey"
"ObjectId(""59a059484150ca6d6feb2cbb"")","eug6","4","ObjectId(""563abd7932804ebd6f70152e"")","casey"
"ObjectId(""59a0599c4150ca6d6feb2cbc"")","eug7","2","ObjectId(""563abd7932804ebd6f70152e"")","casey"
"ObjectId(""59a059ea4150ca6d6feb2cbd"")","eug8","4","ObjectId(""563abd7932804ebd6f70152e"")","casey"
"ObjectId(""59a05a434150ca6d6feb2cbe"")","eug9","4","ObjectId(""563abd7932804ebd6f70152e"")","casey"
"ObjectId(""59a05a8d4150ca6d6feb2cbf"")","eug10","5","ObjectId(""563abd7932804ebd6f70152e"")","casey"
"ObjectId(""59a49bf453d824733cdfd699"")","eug10","5","ObjectId(""57a7f8539f7dbe5942dc4931"")","shirishgoyal"
"ObjectId(""59a49c1253d824733cdfd69a"")","eug9","5","ObjectId(""57a7f8539f7dbe5942dc4931"")","shirishgoyal"
"ObjectId(""59a49c2e53d824733cdfd69b"")","eug8","4","ObjectId(""57a7f8539f7dbe5942dc4931"")","shirishgoyal"
"ObjectId(""59a49c4a53d824733cdfd69c"")","eug7","2","ObjectId(""57a7f8539f7dbe5942dc4931"")","shirishgoyal"
"ObjectId(""59a49c6853d824733cdfd69d"")","eug6","3","ObjectId(""57a7f8539f7dbe5942dc4931"")","shirishgoyal"
"ObjectId(""59a49c8453d824733cdfd69e"")","eug5","3","ObjectId(""57a7f8539f7dbe5942dc4931"")","shirishgoyal"
"ObjectId(""59a49ca053d824733cdfd69f"")","eug4","5","ObjectId(""57a7f8539f7dbe5942dc4931"")","shirishgoyal"
"ObjectId(""59a49cb953d824733cdfd6a0"")","eug16","5","ObjectId(""57a7f8539f7dbe5942dc4931"")","shirishgoyal"
"ObjectId(""59a49cd253d824733cdfd6a1"")","eug15","4","ObjectId(""57a7f8539f7dbe5942dc4931"")","shirishgoyal"
"ObjectId(""59a49cec53d824733cdfd6a2"")","eug3","5","ObjectId(""57a7f8539f7dbe5942dc4931"")","shirishgoyal"
"ObjectId(""59aeaa0051d85d4779aa22e8"")","eug3","5","ObjectId(""563bb418ace41fb06564abbd"")","ingmar"
"ObjectId(""59b1514b51d85d4779aa22ef"")","eug9","4","ObjectId(""57a9ff7b9f7dbe5942dc49a1"")","deannadgrider"
"ObjectId(""59b151a551d85d4779aa22f0"")","eug3","5","ObjectId(""57a9ff7b9f7dbe5942dc49a1"")","deannadgrider"
"ObjectId(""59b1520f51d85d4779aa22f1"")","eug3","5","ObjectId(""57a9ff7b9f7dbe5942dc49a1"")","deannadgrider"
"ObjectId(""59b315c45a6891c02e2106ce"")","eug1","3","ObjectId(""59b3151b5a6891c02e2106cb"")","javiloz1604"
"ObjectId(""59b317d65a6891c02e2106cf"")","eug1","4","ObjectId(""563bb418ace41fb06564abbd"")","ingmar"
"ObjectId(""59b318215a6891c02e2106d0"")","eug9","5","ObjectId(""563bb418ace41fb06564abbd"")","ingmar"
"ObjectId(""59b6423a5a6891c02e2106d9"")","eug7","1","ObjectId(""563bb418ace41fb06564abbd"")","ingmar"
"ObjectId(""59b862225a6891c02e2106dc"")","eug3","3","ObjectId(""57a9ff7b9f7dbe5942dc49a1"")","deannadgrider"
"ObjectId(""59b862755a6891c02e2106dd"")","eug7","1","ObjectId(""57a9ff7b9f7dbe5942dc49a1"")","deannadgrider"
"ObjectId(""59b863265a6891c02e2106de"")","eug15","4","ObjectId(""57a9ff7b9f7dbe5942dc49a1"")","deannadgrider"
"ObjectId(""59b863885a6891c02e2106df"")","eug6","3","ObjectId(""57a9ff7b9f7dbe5942dc49a1"")","deannadgrider"
"ObjectId(""59b864d95a6891c02e2106e0"")","eug5","1","ObjectId(""57a9ff7b9f7dbe5942dc49a1"")","deannadgrider"
"ObjectId(""59b866ce5a6891c02e2106e1"")","eug7","1","ObjectId(""57a9ff7b9f7dbe5942dc49a1"")","deannadgrider"
"ObjectId(""59b92aa25a6891c02e2106e2"")","eug3","5","ObjectId(""57a9ff7b9f7dbe5942dc49a1"")","deannadgrider"
"ObjectId(""59b92af65a6891c02e2106e3"")","eug16","3","ObjectId(""57a9ff7b9f7dbe5942dc49a1"")","deannadgrider"
"ObjectId(""59b92c795a6891c02e2106e4"")","eug9","5","ObjectId(""57a9ff7b9f7dbe5942dc49a1"")","deannadgrider"
"ObjectId(""59b92cc25a6891c02e2106e5"")","eug9","5","ObjectId(""57a9ff7b9f7dbe5942dc49a1"")","deannadgrider"
"ObjectId(""59b92d135a6891c02e2106e6"")","eug9","5","ObjectId(""57a9ff7b9f7dbe5942dc49a1"")","deannadgrider"
"ObjectId(""59b92d645a6891c02e2106e7"")","eug9","5","ObjectId(""57a9ff7b9f7dbe5942dc49a1"")","deannadgrider"
"ObjectId(""59b934335a6891c02e2106e9"")","eug3","5","ObjectId(""57a9ff7b9f7dbe5942dc49a1"")","deannadgrider"
"ObjectId(""59b960ad5a6891c02e21078e"")","eug8","5","ObjectId(""57a9ff7b9f7dbe5942dc49a1"")","deannadgrider"
"ObjectId(""59b961235a6891c02e210798"")","eug15","3","ObjectId(""59b95f0d5a6891c02e21077c"")","jjarellano"
"ObjectId(""59b9612b5a6891c02e210799"")","eug1","1","ObjectId(""59b95f625a6891c02e210782"")","euglenaman"
"ObjectId(""59b961375a6891c02e21079a"")","eug6","5","ObjectId(""59b95eb95a6891c02e21075e"")","Edwin"
"ObjectId(""59b9613f5a6891c02e21079b"")","eug16","5","ObjectId(""59b95eb95a6891c02e210760"")","bpat700"
"ObjectId(""59b961515a6891c02e21079f"")","eug8","2","ObjectId(""59b95ed55a6891c02e21076a"")","Tony"
"ObjectId(""59b961735a6891c02e2107a0"")","eug1","2","ObjectId(""59b95efc5a6891c02e210776"")","jagarcia25"
"ObjectId(""59b961875a6891c02e2107a4"")","eug15","1","ObjectId(""59b95f025a6891c02e210779"")","Aorozco19"
"ObjectId(""59b9618f5a6891c02e2107a5"")","eug9","5","ObjectId(""59b95fe65a6891c02e21078b"")","dilopez2"
"ObjectId(""59b961975a6891c02e2107a6"")","eug8","5","ObjectId(""59b95eb35a6891c02e21075b"")","jcisneros10"
"ObjectId(""59b9619c5a6891c02e2107a7"")","eug16","4","ObjectId(""59b960e25a6891c02e21078f"")","ilara3"
"ObjectId(""59b9619c5a6891c02e2107a8"")","eug3","3","ObjectId(""59b95e475a6891c02e210752"")","SeMaya"
"ObjectId(""59b961b95a6891c02e2107a9"")","eug1","2","ObjectId(""59b9610d5a6891c02e210792"")","lrico4"
"ObjectId(""59b961c25a6891c02e2107aa"")","eug15","5","ObjectId(""59b95eb95a6891c02e210760"")","bpat700"
"ObjectId(""59b961d25a6891c02e2107ab"")","eug6","5","ObjectId(""59b95fd55a6891c02e210788"")","Xavier"
"ObjectId(""59b961d85a6891c02e2107ac"")","eug3","4","ObjectId(""59b95ee15a6891c02e21076d"")","AmoravyG"
"ObjectId(""59b961e05a6891c02e2107ad"")","eug9","4","ObjectId(""59b95ef55a6891c02e210773"")","Jdepaz"
"ObjectId(""59b961e95a6891c02e2107ae"")","eug16","3","ObjectId(""59b95e9a5a6891c02e210755"")","JasmineKM"
"ObjectId(""59b961f05a6891c02e2107af"")","eug8","5","ObjectId(""59b95ec45a6891c02e210767"")","aptorres"
"ObjectId(""59b9620d5a6891c02e2107b0"")","eug15","4","ObjectId(""59b961485a6891c02e21079c"")","jortega20"
"ObjectId(""59b9621c5a6891c02e2107b1"")","eug6","5","ObjectId(""59b95eb35a6891c02e21075b"")","jcisneros10"
"ObjectId(""59b962585a6891c02e2107b2"")","eug15","5","ObjectId(""59b95ebf5a6891c02e210764"")","SG21"
"ObjectId(""59b981f45a6891c02e2107f5"")","eug9","5","ObjectId(""57a9ff7b9f7dbe5942dc49a1"")","deannadgrider"
"ObjectId(""59b982705a6891c02e21080d"")","eug3","4","ObjectId(""59b980795a6891c02e2107e6"")","Eug6"
"ObjectId(""59b982785a6891c02e21080e"")","eug16","5","ObjectId(""59b97fd05a6891c02e2107bf"")","ecedillo"
"ObjectId(""59b9827e5a6891c02e21080f"")","eug1","4","ObjectId(""59b97ecc5a6891c02e2107b6"")","aromero18"
"ObjectId(""59b9829d5a6891c02e210810"")","eug15","3","ObjectId(""59b97ee35a6891c02e2107b9"")","etorres35"
"ObjectId(""59b982b65a6891c02e210811"")","eug3","5","ObjectId(""59b97fdc5a6891c02e2107c2"")","gflores60"
"ObjectId(""59b982be5a6891c02e210812"")","eug16","5","ObjectId(""59b980465a6891c02e2107d6"")","Darlene"
"ObjectId(""59b982bf5a6891c02e210813"")","eug8","5","ObjectId(""59b980a15a6891c02e2107ec"")","That-One-Guy"
"ObjectId(""59b982c85a6891c02e210814"")","eug1","2","ObjectId(""59b980765a6891c02e2107e3"")","gmartinez60"
"ObjectId(""59b982db5a6891c02e210815"")","eug6","4","ObjectId(""59b980355a6891c02e2107ce"")","ocorona3"
"ObjectId(""59b982e35a6891c02e210816"")","eug9","3","ObjectId(""59b982505a6891c02e210807"")","ereyes43"
"ObjectId(""59b982e95a6891c02e210817"")","eug15","5","ObjectId(""59b9813f5a6891c02e2107f2"")","snhutnik"
"ObjectId(""59b983075a6891c02e210818"")","eug16","4","ObjectId(""59b9824e5a6891c02e210804"")","ksantos"
"ObjectId(""59b9830f5a6891c02e210819"")","eug1","5","ObjectId(""59b980075a6891c02e2107cb"")","cherrera12"
"ObjectId(""59b983155a6891c02e21081a"")","eug3","2","ObjectId(""59b980455a6891c02e2107d4"")","jlawrence10"
"ObjectId(""59b9831c5a6891c02e21081b"")","eug3","5","ObjectId(""59b980f15a6891c02e2107ef"")","Mauri_Garcia"
"ObjectId(""59b9832a5a6891c02e21081f"")","eug10","1","ObjectId(""59b9822f5a6891c02e2107fb"")","MichaelFranco"
"ObjectId(""59b983345a6891c02e210820"")","eug15","5","ObjectId(""59b97fc75a6891c02e2107bc"")","jjnajera2"
"ObjectId(""59b9836e5a6891c02e210821"")","eug16","4","ObjectId(""59b982215a6891c02e2107f8"")","elinares2"
"ObjectId(""59b983835a6891c02e210822"")","eug9","5","ObjectId(""59b9824a5a6891c02e210801"")","ehernandez205"
"ObjectId(""59b983855a6891c02e210823"")","eug15","5","ObjectId(""59b980995a6891c02e2107e9"")","ysanchez10"
"ObjectId(""59b983915a6891c02e210824"")","eug10","2","ObjectId(""59b9824e5a6891c02e210804"")","ksantos"
"ObjectId(""59b983d15a6891c02e210825"")","eug15","5","ObjectId(""59b9803e5a6891c02e2107d1"")","chuerta5"
"ObjectId(""59b983e35a6891c02e210826"")","eug1","3","ObjectId(""59b980695a6891c02e2107dd"")","Nic"
"ObjectId(""59bab51b5a6891c02e210876"")","eug15","5","ObjectId(""59b961795a6891c02e2107a1"")","azury9"
"ObjectId(""59bada0c5a6891c02e2108a9"")","eug7","1","ObjectId(""59b980455a6891c02e2107d4"")","jlawrence10"
"ObjectId(""59bada5d5a6891c02e2108ae"")","eug1","3","ObjectId(""59b980455a6891c02e2107d4"")","jlawrence10"
"ObjectId(""59badc4c5a6891c02e2108b0"")","eug9","5","ObjectId(""59b982645a6891c02e21080a"")","Waterboi"
"ObjectId(""59badcf85a6891c02e2108b1"")","eug16","5","ObjectId(""59b983215a6891c02e21081c"")","JR18"
"ObjectId(""59bb0d285a6891c02e2108b4"")","eug15","5","ObjectId(""59b980795a6891c02e2107e6"")","Eug6"
"ObjectId(""59bb0d985a6891c02e2108b5"")","eug1","1","ObjectId(""59b980795a6891c02e2107e6"")","Eug6"
"ObjectId(""59bbb2725a6891c02e2108b9"")","eug15","4","ObjectId(""57a9ff7b9f7dbe5942dc49a1"")","deannadgrider"
"ObjectId(""59bbb2e85a6891c02e2108ba"")","eug16","5","ObjectId(""57a9ff7b9f7dbe5942dc49a1"")","deannadgrider"
"ObjectId(""59bc0c4d5a6891c02e2108dc"")","eug9","5","ObjectId(""59b95e3d5a6891c02e21074f"")","Javier-Torres"
"ObjectId(""59bc0cac5a6891c02e2108e0"")","eug8","5","ObjectId(""59b95eb35a6891c02e21075b"")","jcisneros10"
"ObjectId(""59bc0d675a6891c02e2108e9"")","eug8","4","ObjectId(""59b95ee15a6891c02e21076d"")","AmoravyG"
"ObjectId(""59bc0d805a6891c02e2108eb"")","eug1","2","ObjectId(""59b95f625a6891c02e210782"")","euglenaman"
"ObjectId(""59bc0d815a6891c02e2108ec"")","eug6","5","ObjectId(""59b95fe65a6891c02e21078b"")","dilopez2"
"ObjectId(""59bc0d9f5a6891c02e2108ee"")","eug16","3","ObjectId(""59b95f025a6891c02e210779"")","Aorozco19"
"ObjectId(""59bc0e665a6891c02e2108f1"")","eug16","3","ObjectId(""59b95f025a6891c02e210779"")","Aorozco19"
"ObjectId(""59bc0e6a5a6891c02e2108f2"")","eug6","5","ObjectId(""59b95fe65a6891c02e21078b"")","dilopez2"
"ObjectId(""59bc0e7a5a6891c02e2108f3"")","eug8","5","ObjectId(""59b95ee15a6891c02e21076d"")","AmoravyG"
"ObjectId(""59bc0eb25a6891c02e2108f4"")","eug16","5","ObjectId(""59b960e25a6891c02e21078f"")","ilara3"
"ObjectId(""59bfe3e25a6891c02e210918"")","eug10","1","ObjectId(""59b948d65a6891c02e21070e"")","Cperez92"
"ObjectId(""59bffb7a5a6891c02e210928"")","eug6","5","ObjectId(""59b95e9a5a6891c02e210755"")","JasmineKM"
"ObjectId(""59bffc095a6891c02e21092f"")","eug8","1","ObjectId(""59b9610d5a6891c02e210792"")","lrico4"
"ObjectId(""59bffc3e5a6891c02e210930"")","eug1","1","ObjectId(""59b95ef55a6891c02e210773"")","Jdepaz"
"ObjectId(""59bffc725a6891c02e210931"")","eug8","2","ObjectId(""59b9610d5a6891c02e210792"")","lrico4"
"ObjectId(""59bffc865a6891c02e210932"")","eug6","5","ObjectId(""59b95eb95a6891c02e210760"")","bpat700"
"ObjectId(""59bffce35a6891c02e210934"")","eug16","4","ObjectId(""59b960e25a6891c02e21078f"")","ilara3"
"ObjectId(""59bffd0f5a6891c02e210935"")","eug8","3","ObjectId(""59b95e9d5a6891c02e210757"")","lfhernandez4"
"ObjectId(""59bffd3c5a6891c02e210937"")","eug16","5","ObjectId(""59b961485a6891c02e21079c"")","jortega20"
"ObjectId(""59bffd755a6891c02e210939"")","eug6","5","ObjectId(""59b95eb95a6891c02e210760"")","bpat700"
"ObjectId(""59bffda15a6891c02e21093a"")","eug8","3","ObjectId(""59b95e9d5a6891c02e210757"")","lfhernandez4"
"ObjectId(""59bffde35a6891c02e21093b"")","eug6","5","ObjectId(""59b95eb95a6891c02e210760"")","bpat700"
"ObjectId(""59bffe7f5a6891c02e21093c"")","eug16","5","ObjectId(""59b960e25a6891c02e21078f"")","ilara3"
"ObjectId(""59bffeb65a6891c02e21093d"")","eug8","2","ObjectId(""59b95ed55a6891c02e21076a"")","Tony"
"ObjectId(""59bffec65a6891c02e21093e"")","eug10","3","ObjectId(""59b95ef55a6891c02e210773"")","Jdepaz"
"ObjectId(""59bffeef5a6891c02e21093f"")","eug6","4","ObjectId(""59b95e9a5a6891c02e210755"")","JasmineKM"
"ObjectId(""59bffefc5a6891c02e210940"")","eug8","5","ObjectId(""59b95eb35a6891c02e21075b"")","jcisneros10"
"ObjectId(""59bfff565a6891c02e210941"")","eug6","4","ObjectId(""59b95e9a5a6891c02e210755"")","JasmineKM"
"ObjectId(""59bfff655a6891c02e210942"")","eug8","3","ObjectId(""59b9610d5a6891c02e210792"")","lrico4"
"ObjectId(""59bfffae5a6891c02e210944"")","eug8","4","ObjectId(""59b95ee15a6891c02e21076d"")","AmoravyG"
"ObjectId(""59c0006f5a6891c02e210946"")","eug16","3","ObjectId(""59b95f025a6891c02e210779"")","Aorozco19"
"ObjectId(""59c0016f5a6891c02e210947"")","eug8","5","ObjectId(""59b95eb35a6891c02e21075b"")","jcisneros10"
"ObjectId(""59c002e75a6891c02e21094a"")","eug10","3","ObjectId(""59b95f625a6891c02e210782"")","euglenaman"
"ObjectId(""59c022985a6891c02e210975"")","eug9","3","ObjectId(""59b980485a6891c02e2107d9"")","mariana"
"ObjectId(""59c023065a6891c02e210987"")","eug15","4","ObjectId(""59b982215a6891c02e2107f8"")","elinares2"
"ObjectId(""59c023485a6891c02e210988"")","eug3","5","ObjectId(""59b9813f5a6891c02e2107f2"")","snhutnik"
"ObjectId(""59c023775a6891c02e210989"")","eug15","4","ObjectId(""59b982215a6891c02e2107f8"")","elinares2"
"ObjectId(""59c023805a6891c02e21098a"")","eug16","3","ObjectId(""59b980695a6891c02e2107dd"")","Nic"
"ObjectId(""59c0239a5a6891c02e21098b"")","eug9","3","ObjectId(""59b980485a6891c02e2107d9"")","mariana"
"ObjectId(""59c023fc5a6891c02e21098c"")","eug15","4","ObjectId(""59b982215a6891c02e2107f8"")","elinares2"
"ObjectId(""59c0246d5a6891c02e21098d"")","eug9","1","ObjectId(""59b980485a6891c02e2107d9"")","mariana"
"ObjectId(""59c026505a6891c02e21098f"")","eug9","1","ObjectId(""59b980485a6891c02e2107d9"")","mariana"
"ObjectId(""59c026515a6891c02e210990"")","eug15","4","ObjectId(""59b982215a6891c02e2107f8"")","elinares2"
"ObjectId(""59c026bd5a6891c02e210991"")","eug3","5","ObjectId(""59b9813f5a6891c02e2107f2"")","snhutnik"
"ObjectId(""59c0271c5a6891c02e210992"")","eug9","2","ObjectId(""59b980485a6891c02e2107d9"")","mariana"
"ObjectId(""59c027425a6891c02e210993"")","eug15","5","ObjectId(""59b980f15a6891c02e2107ef"")","Mauri_Garcia"
"ObjectId(""59c027ca5a6891c02e210994"")","eug15","5","ObjectId(""59b980f15a6891c02e2107ef"")","Mauri_Garcia"
"ObjectId(""59c150905a6891c02e2109d4"")","eug16","5","ObjectId(""59b95ebf5a6891c02e210764"")","SG21"
"ObjectId(""59c16a2f5a6891c02e210a08"")","eug3","5","ObjectId(""59c169c45a6891c02e2109e6"")","88888888"
"ObjectId(""59c16b895a6891c02e210a12"")","eug15","2","ObjectId(""59c16a335a6891c02e210a09"")","HilaireBritt"
"ObjectId(""59c16b8c5a6891c02e210a13"")","eug6","2","ObjectId(""59c16a135a6891c02e210a05"")","mabreytubbs"
"ObjectId(""59c2c1535a6891c02e210a79"")","eug1","5","ObjectId(""59c2bce45a6891c02e210a54"")","tylera96"
"ObjectId(""59c433eb5a6891c02e210a7e"")","eug10","5","ObjectId(""59c433745a6891c02e210a7b"")","dog12631"
"ObjectId(""59c4535b5a6891c02e210a7f"")","eug16","1","ObjectId(""563abd7932804ebd6f70152e"")","casey"
"ObjectId(""59c568aa5a6891c02e210a82"")","eug10","5","ObjectId(""563bb418ace41fb06564abbd"")","ingmar"
"ObjectId(""59ceb9a394db1d165f146f17"")","eug1","4","ObjectId(""59ceb8ae94db1d165f146f14"")","jernylamoss"
"ObjectId(""59cec03b94db1d165f146f1b"")","eug1","5","ObjectId(""59cebfcd94db1d165f146f18"")","mogomo1"
"ObjectId(""59d4035f94db1d165f146f49"")","eug3","4","ObjectId(""59ceb8ae94db1d165f146f14"")","jernylamoss"
"ObjectId(""59d4063494db1d165f146f4c"")","eug1","5","ObjectId(""59cebfcd94db1d165f146f18"")","mogomo1"
"ObjectId(""59d5174394db1d165f146f5f"")","eug1","5","ObjectId(""59d5160094db1d165f146f56"")","MariaGutierrezG"
"ObjectId(""59d518b694db1d165f146f63"")","eug1","3","ObjectId(""59d5184594db1d165f146f60"")","Eth0n"
"ObjectId(""59d5191c94db1d165f146f64"")","eug8","3","ObjectId(""59d5184594db1d165f146f60"")","Eth0n"
"ObjectId(""59d519df94db1d165f146f65"")","eug10","4","ObjectId(""59d5184594db1d165f146f60"")","Eth0n"
"ObjectId(""59d51d0794db1d165f146f66"")","eug4","4","ObjectId(""59d5184594db1d165f146f60"")","Eth0n"
"ObjectId(""59d51d5a94db1d165f146f67"")","eug1","2","ObjectId(""59d5184594db1d165f146f60"")","Eth0n"
"ObjectId(""59d6739f94db1d165f146f7a"")","eug1","3","ObjectId(""59d5184594db1d165f146f60"")","Eth0n"
"ObjectId(""59d6744294db1d165f146f7b"")","eug1","3","ObjectId(""59d5184594db1d165f146f60"")","Eth0n"
"ObjectId(""59d7c65994db1d165f146f88"")","eug10","2","ObjectId(""59d5184594db1d165f146f60"")","Eth0n"
"ObjectId(""59e0ff81e8bcb6a64996efea"")","eug1","3","ObjectId(""59d5184594db1d165f146f60"")","Eth0n"
"ObjectId(""59e4ab13e8bcb6a64996eff8"")","eug1","3","ObjectId(""59e4aa44e8bcb6a64996eff5"")","scofieldp"
"ObjectId(""59efbbd6e8bcb6a64996f0af"")","eug1","5","ObjectId(""59efbb10e8bcb6a64996f08b"")","CristianoRonaldo"
"ObjectId(""59efbcc0e8bcb6a64996f0d1"")","eug5","1","ObjectId(""59efbbc0e8bcb6a64996f0a6"")","itztrinityshipp"
"ObjectId(""59efbd12e8bcb6a64996f0d8"")","eug5","1","ObjectId(""59efbbe5e8bcb6a64996f0b1"")","EmmanuelBarrios22"
"ObjectId(""59efbd3ae8bcb6a64996f0d9"")","eug6","1","ObjectId(""59efbbc0e8bcb6a64996f0a6"")","itztrinityshipp"
"ObjectId(""59efbd5be8bcb6a64996f0da"")","eug1","3","ObjectId(""59efbbade8bcb6a64996f09d"")","Rick"
"ObjectId(""59efbd8ee8bcb6a64996f0de"")","eug1","5","ObjectId(""59efbc8be8bcb6a64996f0c8"")","lol"
"ObjectId(""59efbdbce8bcb6a64996f0e2"")","eug9","2","ObjectId(""59efbbc0e8bcb6a64996f0a6"")","itztrinityshipp"
"ObjectId(""59efbdcce8bcb6a64996f0e3"")","eug1","5","ObjectId(""59efbbe6e8bcb6a64996f0b3"")","jimino"
"ObjectId(""59efbde9e8bcb6a64996f0e4"")","eug4","1","ObjectId(""59efbc8be8bcb6a64996f0c8"")","lol"
"ObjectId(""59efbe2de8bcb6a64996f0e5"")","eug15","5","ObjectId(""59efbbe5e8bcb6a64996f0b1"")","EmmanuelBarrios22"
"ObjectId(""59efbe75e8bcb6a64996f0e9"")","eug1","5","ObjectId(""59efbcade8bcb6a64996f0cb"")","HectorAlvarado"
"ObjectId(""59efbeb7e8bcb6a64996f0ed"")","eug1","4","ObjectId(""59efbb86e8bcb6a64996f097"")","julian_unicorn"
"ObjectId(""59efbf14e8bcb6a64996f0ee"")","eug5","2","ObjectId(""59efbbe5e8bcb6a64996f0b1"")","EmmanuelBarrios22"
"ObjectId(""59efbffde8bcb6a64996f0f5"")","eug1","5","ObjectId(""59efbc75e8bcb6a64996f0c3"")","Master21"
"ObjectId(""59efc056e8bcb6a64996f0f6"")","eug1","4","ObjectId(""59efbe89e8bcb6a64996f0ea"")","Johnathan24"
"ObjectId(""59efc068e8bcb6a64996f0f7"")","eug10","4","ObjectId(""59efbc75e8bcb6a64996f0c3"")","Master21"
"ObjectId(""59efc0abe8bcb6a64996f0f8"")","eug4","3","ObjectId(""59efbe89e8bcb6a64996f0ea"")","Johnathan24"
"ObjectId(""59efc0b3e8bcb6a64996f0f9"")","eug9","5","ObjectId(""59efbbe5e8bcb6a64996f0b1"")","EmmanuelBarrios22"
"ObjectId(""59efc0b9e8bcb6a64996f0fa"")","eug5","5","ObjectId(""59efbc75e8bcb6a64996f0c3"")","Master21"
"ObjectId(""59efc18ae8bcb6a64996f0fb"")","eug1","4","ObjectId(""59efbfbae8bcb6a64996f0f2"")","Jy12"
"ObjectId(""59f08e05e8bcb6a64996f106"")","eug1","5","ObjectId(""59f08d67e8bcb6a64996f103"")","hangtrieuthanh"
"ObjectId(""59f09596e8bcb6a64996f107"")","eug7","5","ObjectId(""59f08d67e8bcb6a64996f103"")","hangtrieuthanh"
"ObjectId(""5a0b8021bf3c912716b17bdb"")","eug5","2","ObjectId(""563bb418ace41fb06564abbd"")","ingmar"
"ObjectId(""5a0c971fbf3c912716b17be6"")","eug10","3","ObjectId(""563bb418ace41fb06564abbd"")","ingmar"
"ObjectId(""5a0c976ebf3c912716b17be7"")","eug1","1","ObjectId(""563bb418ace41fb06564abbd"")","ingmar"
"ObjectId(""5a0c97c3bf3c912716b17be8"")","eug5","2","ObjectId(""563bb418ace41fb06564abbd"")","ingmar"
"ObjectId(""5a0c981bbf3c912716b17be9"")","eug7","2","ObjectId(""563bb418ace41fb06564abbd"")","ingmar"
